Cycle_ID,Deck_Size,Interleaved_Max_Penalty_Streak,Uniform_Random_Max_Penalty_Streak,Streak_Bounded_Leq_2,Category_C1_Profit_Count,Category_C2_Penalty_Count,Category_C3_Gacha_Count,Category_C4_Special_Count,Cycle_Shannon_Entropy_Bits
1,50,1,5,TRUE (Compliant),13,12,13,12,1.9986
2,50,1,4,TRUE (Compliant),13,12,13,12,1.9985
3,50,1,3,TRUE (Compliant),13,12,13,12,1.9988
4,50,2,2,TRUE (Compliant),13,12,13,12,1.9985
5,50,1,5,TRUE (Compliant),13,12,13,12,1.9992
6,50,1,2,TRUE (Compliant),13,12,13,12,1.9991
7,50,1,6,TRUE (Compliant),13,12,13,12,1.9991
8,50,2,2,TRUE (Compliant),13,12,13,12,1.9983
9,50,1,3,TRUE (Compliant),13,12,13,12,1.9981
10,50,1,4,TRUE (Compliant),13,12,13,12,1.9992
11,50,1,3,TRUE (Compliant),13,12,13,12,1.999
12,50,1,7,TRUE (Compliant),13,12,13,12,1.9996
13,50,1,4,TRUE (Compliant),13,12,13,12,1.9985
14,50,2,6,TRUE (Compliant),13,12,13,12,1.9982
15,50,2,2,TRUE (Compliant),13,12,13,12,1.9985
16,50,1,3,TRUE (Compliant),13,12,13,12,1.9986
17,50,2,2,TRUE (Compliant),13,12,13,12,1.9983
18,50,1,6,TRUE (Compliant),13,12,13,12,1.9986
19,50,1,4,TRUE (Compliant),13,12,13,12,1.9992
20,50,1,2,TRUE (Compliant),13,12,13,12,1.9989
21,50,1,2,TRUE (Compliant),13,12,13,12,1.9982
22,50,1,2,TRUE (Compliant),13,12,13,12,1.9991
23,50,2,7,TRUE (Compliant),13,12,13,12,1.999
24,50,2,4,TRUE (Compliant),13,12,13,12,1.9986
25,50,1,2,TRUE (Compliant),13,12,13,12,1.9988
26,50,2,5,TRUE (Compliant),13,12,13,12,1.9982
27,50,1,1,TRUE (Compliant),13,12,13,12,1.9998
28,50,1,3,TRUE (Compliant),13,12,13,12,1.999
29,50,1,7,TRUE (Compliant),13,12,13,12,1.9987
30,50,1,4,TRUE (Compliant),13,12,13,12,1.9988
31,50,1,4,TRUE (Compliant),13,12,13,12,1.9992
32,50,1,4,TRUE (Compliant),13,12,13,12,1.9988
33,50,1,3,TRUE (Compliant),13,12,13,12,1.9986
34,50,1,2,TRUE (Compliant),13,12,13,12,1.9989
35,50,1,2,TRUE (Compliant),13,12,13,12,1.9991
36,50,2,3,TRUE (Compliant),13,12,13,12,1.9982
37,50,1,2,TRUE (Compliant),13,12,13,12,1.9987
38,50,1,2,TRUE (Compliant),13,12,13,12,1.9995
39,50,2,6,TRUE (Compliant),13,12,13,12,1.9985
40,50,1,1,TRUE (Compliant),13,12,13,12,1.999
41,50,1,6,TRUE (Compliant),13,12,13,12,1.9995
42,50,2,7,TRUE (Compliant),13,12,13,12,1.9996
43,50,2,1,TRUE (Compliant),13,12,13,12,1.9994
44,50,1,3,TRUE (Compliant),13,12,13,12,1.9987
45,50,1,4,TRUE (Compliant),13,12,13,12,1.9989
46,50,1,4,TRUE (Compliant),13,12,13,12,1.9985
47,50,1,7,TRUE (Compliant),13,12,13,12,1.9982
48,50,1,4,TRUE (Compliant),13,12,13,12,1.9983
49,50,1,4,TRUE (Compliant),13,12,13,12,1.9986
50,50,1,4,TRUE (Compliant),13,12,13,12,1.9988
51,50,1,7,TRUE (Compliant),13,12,13,12,1.9991
52,50,2,4,TRUE (Compliant),13,12,13,12,1.9987
53,50,2,6,TRUE (Compliant),13,12,13,12,1.9987
54,50,2,1,TRUE (Compliant),13,12,13,12,1.9986
55,50,1,4,TRUE (Compliant),13,12,13,12,1.998
56,50,1,4,TRUE (Compliant),13,12,13,12,1.9989
57,50,2,6,TRUE (Compliant),13,12,13,12,1.9987
58,50,2,3,TRUE (Compliant),13,12,13,12,1.9988
59,50,1,2,TRUE (Compliant),13,12,13,12,1.9989
60,50,2,3,TRUE (Compliant),13,12,13,12,1.9986
61,50,1,7,TRUE (Compliant),13,12,13,12,1.9987
62,50,1,1,TRUE (Compliant),13,12,13,12,1.9993
63,50,2,5,TRUE (Compliant),13,12,13,12,1.9989
64,50,2,2,TRUE (Compliant),13,12,13,12,1.9993
65,50,1,2,TRUE (Compliant),13,12,13,12,1.9993
66,50,1,4,TRUE (Compliant),13,12,13,12,1.9985
67,50,1,3,TRUE (Compliant),13,12,13,12,1.9991
68,50,2,3,TRUE (Compliant),13,12,13,12,1.9987
69,50,1,2,TRUE (Compliant),13,12,13,12,1.9984
70,50,2,6,TRUE (Compliant),13,12,13,12,1.9984
71,50,1,6,TRUE (Compliant),13,12,13,12,1.999
72,50,1,2,TRUE (Compliant),13,12,13,12,1.999
73,50,1,4,TRUE (Compliant),13,12,13,12,1.9982
74,50,1,4,TRUE (Compliant),13,12,13,12,1.9992
75,50,1,4,TRUE (Compliant),13,12,13,12,1.9988
76,50,1,3,TRUE (Compliant),13,12,13,12,1.9986
77,50,1,6,TRUE (Compliant),13,12,13,12,1.9987
78,50,1,7,TRUE (Compliant),13,12,13,12,1.9988
79,50,1,6,TRUE (Compliant),13,12,13,12,1.999
80,50,2,5,TRUE (Compliant),13,12,13,12,1.999
81,50,1,4,TRUE (Compliant),13,12,13,12,1.9986
82,50,2,7,TRUE (Compliant),13,12,13,12,1.9985
83,50,1,1,TRUE (Compliant),13,12,13,12,1.9991
84,50,1,3,TRUE (Compliant),13,12,13,12,1.9987
85,50,2,2,TRUE (Compliant),13,12,13,12,1.9986
86,50,1,4,TRUE (Compliant),13,12,13,12,1.9996
87,50,1,3,TRUE (Compliant),13,12,13,12,1.9989
88,50,2,4,TRUE (Compliant),13,12,13,12,1.9989
89,50,2,7,TRUE (Compliant),13,12,13,12,1.9992
90,50,1,7,TRUE (Compliant),13,12,13,12,1.9991
91,50,1,5,TRUE (Compliant),13,12,13,12,1.9994
92,50,2,2,TRUE (Compliant),13,12,13,12,1.9987
93,50,2,1,TRUE (Compliant),13,12,13,12,1.999
94,50,2,7,TRUE (Compliant),13,12,13,12,1.9985
95,50,2,1,TRUE (Compliant),13,12,13,12,1.999
96,50,1,6,TRUE (Compliant),13,12,13,12,1.9979
97,50,1,4,TRUE (Compliant),13,12,13,12,1.9984
98,50,1,6,TRUE (Compliant),13,12,13,12,1.9982
99,50,1,7,TRUE (Compliant),13,12,13,12,1.9985
100,50,1,5,TRUE (Compliant),13,12,13,12,1.9994
101,50,2,3,TRUE (Compliant),13,12,13,12,1.9987
102,50,2,5,TRUE (Compliant),13,12,13,12,1.9984
103,50,1,3,TRUE (Compliant),13,12,13,12,1.9984
104,50,2,4,TRUE (Compliant),13,12,13,12,1.9988
105,50,2,3,TRUE (Compliant),13,12,13,12,1.9988
106,50,1,3,TRUE (Compliant),13,12,13,12,1.9993
107,50,1,4,TRUE (Compliant),13,12,13,12,1.9993
108,50,1,1,TRUE (Compliant),13,12,13,12,1.999
109,50,2,4,TRUE (Compliant),13,12,13,12,1.999
110,50,2,5,TRUE (Compliant),13,12,13,12,1.999
111,50,1,3,TRUE (Compliant),13,12,13,12,1.9987
112,50,1,3,TRUE (Compliant),13,12,13,12,1.9986
113,50,1,1,TRUE (Compliant),13,12,13,12,1.9987
114,50,1,3,TRUE (Compliant),13,12,13,12,1.9986
115,50,2,2,TRUE (Compliant),13,12,13,12,1.9994
116,50,1,4,TRUE (Compliant),13,12,13,12,1.9993
117,50,2,4,TRUE (Compliant),13,12,13,12,1.9985
118,50,1,5,TRUE (Compliant),13,12,13,12,1.9992
119,50,1,4,TRUE (Compliant),13,12,13,12,1.9991
120,50,1,3,TRUE (Compliant),13,12,13,12,1.999
121,50,2,3,TRUE (Compliant),13,12,13,12,1.9983
122,50,2,4,TRUE (Compliant),13,12,13,12,1.9981
123,50,1,5,TRUE (Compliant),13,12,13,12,1.9992
124,50,2,3,TRUE (Compliant),13,12,13,12,1.9992
125,50,1,5,TRUE (Compliant),13,12,13,12,1.999
126,50,1,2,TRUE (Compliant),13,12,13,12,1.9994
127,50,1,2,TRUE (Compliant),13,12,13,12,1.9988
128,50,2,3,TRUE (Compliant),13,12,13,12,1.9989
129,50,1,4,TRUE (Compliant),13,12,13,12,1.9992
130,50,2,4,TRUE (Compliant),13,12,13,12,1.999
131,50,2,2,TRUE (Compliant),13,12,13,12,1.9989
132,50,1,4,TRUE (Compliant),13,12,13,12,1.9978
133,50,1,4,TRUE (Compliant),13,12,13,12,1.9988
134,50,2,6,TRUE (Compliant),13,12,13,12,1.9988
135,50,2,4,TRUE (Compliant),13,12,13,12,1.9988
136,50,1,2,TRUE (Compliant),13,12,13,12,1.9986
137,50,1,5,TRUE (Compliant),13,12,13,12,1.9984
138,50,2,4,TRUE (Compliant),13,12,13,12,1.999
139,50,1,3,TRUE (Compliant),13,12,13,12,1.9986
140,50,1,4,TRUE (Compliant),13,12,13,12,1.9989
141,50,1,1,TRUE (Compliant),13,12,13,12,1.999
142,50,1,2,TRUE (Compliant),13,12,13,12,1.9998
143,50,1,2,TRUE (Compliant),13,12,13,12,1.9987
144,50,2,3,TRUE (Compliant),13,12,13,12,1.9988
145,50,1,4,TRUE (Compliant),13,12,13,12,1.9986
146,50,1,7,TRUE (Compliant),13,12,13,12,1.9992
147,50,2,4,TRUE (Compliant),13,12,13,12,1.9988
148,50,1,2,TRUE (Compliant),13,12,13,12,1.9986
149,50,1,1,TRUE (Compliant),13,12,13,12,1.9994
150,50,1,7,TRUE (Compliant),13,12,13,12,1.9984
151,50,1,2,TRUE (Compliant),13,12,13,12,1.9988
152,50,1,3,TRUE (Compliant),13,12,13,12,1.9981
153,50,1,3,TRUE (Compliant),13,12,13,12,1.9995
154,50,1,3,TRUE (Compliant),13,12,13,12,1.9991
155,50,1,2,TRUE (Compliant),13,12,13,12,1.9996
156,50,2,4,TRUE (Compliant),13,12,13,12,1.9995
157,50,1,7,TRUE (Compliant),13,12,13,12,1.9986
158,50,2,2,TRUE (Compliant),13,12,13,12,1.9986
159,50,2,3,TRUE (Compliant),13,12,13,12,1.9986
160,50,1,3,TRUE (Compliant),13,12,13,12,1.9986
161,50,2,7,TRUE (Compliant),13,12,13,12,1.999
162,50,1,2,TRUE (Compliant),13,12,13,12,1.999
163,50,1,7,TRUE (Compliant),13,12,13,12,1.9986
164,50,1,1,TRUE (Compliant),13,12,13,12,1.9981
165,50,1,5,TRUE (Compliant),13,12,13,12,1.9986
166,50,1,4,TRUE (Compliant),13,12,13,12,1.999
167,50,1,7,TRUE (Compliant),13,12,13,12,1.9989
168,50,1,3,TRUE (Compliant),13,12,13,12,1.9994
169,50,1,2,TRUE (Compliant),13,12,13,12,1.9988
170,50,1,7,TRUE (Compliant),13,12,13,12,1.9983
171,50,1,3,TRUE (Compliant),13,12,13,12,1.9984
172,50,1,4,TRUE (Compliant),13,12,13,12,1.9993
173,50,1,3,TRUE (Compliant),13,12,13,12,1.9988
174,50,1,4,TRUE (Compliant),13,12,13,12,1.9985
175,50,1,7,TRUE (Compliant),13,12,13,12,1.999
176,50,1,2,TRUE (Compliant),13,12,13,12,1.9985
177,50,1,4,TRUE (Compliant),13,12,13,12,1.9986
178,50,1,2,TRUE (Compliant),13,12,13,12,1.9985
179,50,1,1,TRUE (Compliant),13,12,13,12,1.9985
180,50,1,1,TRUE (Compliant),13,12,13,12,1.9987
181,50,1,5,TRUE (Compliant),13,12,13,12,1.9989
182,50,2,7,TRUE (Compliant),13,12,13,12,1.9979
183,50,1,6,TRUE (Compliant),13,12,13,12,1.9992
184,50,1,7,TRUE (Compliant),13,12,13,12,1.9993
185,50,1,4,TRUE (Compliant),13,12,13,12,1.999
186,50,1,7,TRUE (Compliant),13,12,13,12,1.9991
187,50,1,4,TRUE (Compliant),13,12,13,12,1.9991
188,50,1,2,TRUE (Compliant),13,12,13,12,1.9983
189,50,2,4,TRUE (Compliant),13,12,13,12,1.9991
190,50,2,3,TRUE (Compliant),13,12,13,12,1.998
191,50,1,7,TRUE (Compliant),13,12,13,12,1.9986
192,50,1,2,TRUE (Compliant),13,12,13,12,1.9986
193,50,1,4,TRUE (Compliant),13,12,13,12,1.9987
194,50,1,4,TRUE (Compliant),13,12,13,12,1.9993
195,50,1,4,TRUE (Compliant),13,12,13,12,1.9993
196,50,1,3,TRUE (Compliant),13,12,13,12,1.9983
197,50,1,3,TRUE (Compliant),13,12,13,12,1.9987
198,50,2,3,TRUE (Compliant),13,12,13,12,1.9991
199,50,2,3,TRUE (Compliant),13,12,13,12,1.9984
200,50,2,2,TRUE (Compliant),13,12,13,12,1.9988
201,50,1,2,TRUE (Compliant),13,12,13,12,1.9991
202,50,1,2,TRUE (Compliant),13,12,13,12,1.9994
203,50,1,4,TRUE (Compliant),13,12,13,12,1.9989
204,50,1,4,TRUE (Compliant),13,12,13,12,1.9993
205,50,1,2,TRUE (Compliant),13,12,13,12,1.9988
206,50,2,2,TRUE (Compliant),13,12,13,12,1.9986
207,50,1,2,TRUE (Compliant),13,12,13,12,1.9987
208,50,1,4,TRUE (Compliant),13,12,13,12,1.9984
209,50,1,3,TRUE (Compliant),13,12,13,12,1.9987
210,50,1,5,TRUE (Compliant),13,12,13,12,1.9993
211,50,2,6,TRUE (Compliant),13,12,13,12,1.9993
212,50,2,3,TRUE (Compliant),13,12,13,12,1.9983
213,50,2,3,TRUE (Compliant),13,12,13,12,1.9991
214,50,1,7,TRUE (Compliant),13,12,13,12,1.9987
215,50,2,4,TRUE (Compliant),13,12,13,12,1.9984
216,50,1,3,TRUE (Compliant),13,12,13,12,1.9988
217,50,2,7,TRUE (Compliant),13,12,13,12,1.9986
218,50,1,7,TRUE (Compliant),13,12,13,12,1.998
219,50,1,3,TRUE (Compliant),13,12,13,12,1.9988
220,50,2,2,TRUE (Compliant),13,12,13,12,1.9988
221,50,1,4,TRUE (Compliant),13,12,13,12,1.9987
222,50,2,4,TRUE (Compliant),13,12,13,12,1.9987
223,50,1,3,TRUE (Compliant),13,12,13,12,1.9988
224,50,1,4,TRUE (Compliant),13,12,13,12,1.9987
225,50,2,5,TRUE (Compliant),13,12,13,12,1.9987
226,50,1,7,TRUE (Compliant),13,12,13,12,1.9987
227,50,1,2,TRUE (Compliant),13,12,13,12,1.9989
228,50,1,1,TRUE (Compliant),13,12,13,12,1.9986
229,50,1,3,TRUE (Compliant),13,12,13,12,1.9985
230,50,1,4,TRUE (Compliant),13,12,13,12,1.9988
231,50,1,7,TRUE (Compliant),13,12,13,12,1.9991
232,50,1,1,TRUE (Compliant),13,12,13,12,1.9988
233,50,2,3,TRUE (Compliant),13,12,13,12,1.9986
234,50,1,3,TRUE (Compliant),13,12,13,12,1.9983
235,50,2,7,TRUE (Compliant),13,12,13,12,1.9985
236,50,1,4,TRUE (Compliant),13,12,13,12,1.9983
237,50,2,3,TRUE (Compliant),13,12,13,12,1.999
238,50,1,4,TRUE (Compliant),13,12,13,12,1.9985
239,50,1,4,TRUE (Compliant),13,12,13,12,1.9994
240,50,1,6,TRUE (Compliant),13,12,13,12,1.9986
241,50,1,3,TRUE (Compliant),13,12,13,12,1.9983
242,50,1,5,TRUE (Compliant),13,12,13,12,1.999
243,50,1,3,TRUE (Compliant),13,12,13,12,1.9982
244,50,1,4,TRUE (Compliant),13,12,13,12,1.9986
245,50,1,3,TRUE (Compliant),13,12,13,12,1.9995
246,50,1,4,TRUE (Compliant),13,12,13,12,1.9988
247,50,1,7,TRUE (Compliant),13,12,13,12,1.9995
248,50,2,4,TRUE (Compliant),13,12,13,12,1.9988
249,50,1,3,TRUE (Compliant),13,12,13,12,1.9985
250,50,2,2,TRUE (Compliant),13,12,13,12,1.999
251,50,1,2,TRUE (Compliant),13,12,13,12,1.9987
252,50,1,4,TRUE (Compliant),13,12,13,12,1.9989
253,50,1,3,TRUE (Compliant),13,12,13,12,1.9992
254,50,1,3,TRUE (Compliant),13,12,13,12,1.9979
255,50,1,3,TRUE (Compliant),13,12,13,12,1.9977
256,50,1,2,TRUE (Compliant),13,12,13,12,1.9988
257,50,1,6,TRUE (Compliant),13,12,13,12,1.9988
258,50,2,1,TRUE (Compliant),13,12,13,12,1.9985
259,50,2,3,TRUE (Compliant),13,12,13,12,1.9993
260,50,1,4,TRUE (Compliant),13,12,13,12,1.9991
261,50,1,2,TRUE (Compliant),13,12,13,12,1.9994
262,50,1,3,TRUE (Compliant),13,12,13,12,1.9989
263,50,2,1,TRUE (Compliant),13,12,13,12,1.9983
264,50,1,4,TRUE (Compliant),13,12,13,12,1.9987
265,50,2,1,TRUE (Compliant),13,12,13,12,1.9989
266,50,2,1,TRUE (Compliant),13,12,13,12,1.9996
267,50,1,2,TRUE (Compliant),13,12,13,12,1.998
268,50,1,2,TRUE (Compliant),13,12,13,12,1.9985
269,50,1,5,TRUE (Compliant),13,12,13,12,1.999
270,50,1,4,TRUE (Compliant),13,12,13,12,1.9984
271,50,1,6,TRUE (Compliant),13,12,13,12,1.999
272,50,2,4,TRUE (Compliant),13,12,13,12,1.9989
273,50,1,1,TRUE (Compliant),13,12,13,12,1.9986
274,50,2,4,TRUE (Compliant),13,12,13,12,1.9986
275,50,1,2,TRUE (Compliant),13,12,13,12,1.9986
276,50,1,4,TRUE (Compliant),13,12,13,12,1.9993
277,50,2,3,TRUE (Compliant),13,12,13,12,1.999
278,50,2,7,TRUE (Compliant),13,12,13,12,1.9989
279,50,1,5,TRUE (Compliant),13,12,13,12,1.9991
280,50,1,4,TRUE (Compliant),13,12,13,12,1.9991
281,50,1,4,TRUE (Compliant),13,12,13,12,1.999
282,50,2,2,TRUE (Compliant),13,12,13,12,1.9991
283,50,1,4,TRUE (Compliant),13,12,13,12,1.9986
284,50,1,1,TRUE (Compliant),13,12,13,12,1.9993
285,50,1,6,TRUE (Compliant),13,12,13,12,1.9984
286,50,1,3,TRUE (Compliant),13,12,13,12,1.9988
287,50,2,6,TRUE (Compliant),13,12,13,12,1.999
288,50,2,3,TRUE (Compliant),13,12,13,12,1.9981
289,50,1,5,TRUE (Compliant),13,12,13,12,1.9988
290,50,2,2,TRUE (Compliant),13,12,13,12,1.9982
291,50,2,2,TRUE (Compliant),13,12,13,12,1.999
292,50,1,3,TRUE (Compliant),13,12,13,12,1.9983
293,50,1,6,TRUE (Compliant),13,12,13,12,1.9983
294,50,1,2,TRUE (Compliant),13,12,13,12,1.9982
295,50,1,4,TRUE (Compliant),13,12,13,12,1.9993
296,50,1,5,TRUE (Compliant),13,12,13,12,1.999
297,50,1,3,TRUE (Compliant),13,12,13,12,1.9996
298,50,2,5,TRUE (Compliant),13,12,13,12,1.9987
299,50,2,5,TRUE (Compliant),13,12,13,12,1.9989
300,50,1,6,TRUE (Compliant),13,12,13,12,1.9989
301,50,1,3,TRUE (Compliant),13,12,13,12,1.9994
302,50,1,3,TRUE (Compliant),13,12,13,12,1.998
303,50,2,4,TRUE (Compliant),13,12,13,12,1.9989
304,50,1,2,TRUE (Compliant),13,12,13,12,1.9993
305,50,1,3,TRUE (Compliant),13,12,13,12,1.9983
306,50,2,3,TRUE (Compliant),13,12,13,12,1.9988
307,50,2,4,TRUE (Compliant),13,12,13,12,1.9989
308,50,2,2,TRUE (Compliant),13,12,13,12,1.9978
309,50,2,5,TRUE (Compliant),13,12,13,12,1.9986
310,50,1,7,TRUE (Compliant),13,12,13,12,1.9984
311,50,1,3,TRUE (Compliant),13,12,13,12,1.9989
312,50,1,3,TRUE (Compliant),13,12,13,12,1.9985
313,50,1,4,TRUE (Compliant),13,12,13,12,1.9988
314,50,2,4,TRUE (Compliant),13,12,13,12,1.9989
315,50,1,4,TRUE (Compliant),13,12,13,12,1.9989
316,50,1,4,TRUE (Compliant),13,12,13,12,1.998
317,50,1,3,TRUE (Compliant),13,12,13,12,1.9989
318,50,2,2,TRUE (Compliant),13,12,13,12,1.9992
319,50,1,6,TRUE (Compliant),13,12,13,12,1.9989
320,50,1,7,TRUE (Compliant),13,12,13,12,1.9992
321,50,1,2,TRUE (Compliant),13,12,13,12,1.9988
322,50,1,4,TRUE (Compliant),13,12,13,12,1.9987
323,50,1,2,TRUE (Compliant),13,12,13,12,1.9991
324,50,1,4,TRUE (Compliant),13,12,13,12,1.9988
325,50,2,4,TRUE (Compliant),13,12,13,12,1.9986
326,50,1,3,TRUE (Compliant),13,12,13,12,1.9994
327,50,1,5,TRUE (Compliant),13,12,13,12,1.9986
328,50,1,7,TRUE (Compliant),13,12,13,12,1.9988
329,50,1,4,TRUE (Compliant),13,12,13,12,1.999
330,50,1,4,TRUE (Compliant),13,12,13,12,1.9995
331,50,1,3,TRUE (Compliant),13,12,13,12,1.9988
332,50,1,3,TRUE (Compliant),13,12,13,12,1.9991
333,50,2,3,TRUE (Compliant),13,12,13,12,1.999
334,50,2,3,TRUE (Compliant),13,12,13,12,1.9996
335,50,1,4,TRUE (Compliant),13,12,13,12,1.9988
336,50,2,7,TRUE (Compliant),13,12,13,12,1.9985
337,50,2,2,TRUE (Compliant),13,12,13,12,1.9986
338,50,2,1,TRUE (Compliant),13,12,13,12,1.9987
339,50,2,2,TRUE (Compliant),13,12,13,12,1.9985
340,50,1,4,TRUE (Compliant),13,12,13,12,1.9986
341,50,2,2,TRUE (Compliant),13,12,13,12,1.9983
342,50,1,3,TRUE (Compliant),13,12,13,12,1.9989
343,50,2,5,TRUE (Compliant),13,12,13,12,1.9997
344,50,1,4,TRUE (Compliant),13,12,13,12,1.9988
345,50,2,4,TRUE (Compliant),13,12,13,12,1.9995
346,50,2,2,TRUE (Compliant),13,12,13,12,1.9992
347,50,1,2,TRUE (Compliant),13,12,13,12,1.9989
348,50,1,6,TRUE (Compliant),13,12,13,12,1.9982
349,50,1,2,TRUE (Compliant),13,12,13,12,1.9989
350,50,1,6,TRUE (Compliant),13,12,13,12,1.9991
351,50,2,2,TRUE (Compliant),13,12,13,12,1.9991
352,50,2,6,TRUE (Compliant),13,12,13,12,1.9984
353,50,1,2,TRUE (Compliant),13,12,13,12,1.9984
354,50,1,3,TRUE (Compliant),13,12,13,12,1.9984
355,50,2,4,TRUE (Compliant),13,12,13,12,1.9981
356,50,1,2,TRUE (Compliant),13,12,13,12,1.9989
357,50,1,6,TRUE (Compliant),13,12,13,12,1.9986
358,50,1,3,TRUE (Compliant),13,12,13,12,1.9996
359,50,2,2,TRUE (Compliant),13,12,13,12,1.9989
360,50,2,3,TRUE (Compliant),13,12,13,12,1.9986
361,50,1,3,TRUE (Compliant),13,12,13,12,1.9993
362,50,1,6,TRUE (Compliant),13,12,13,12,1.9981
363,50,2,4,TRUE (Compliant),13,12,13,12,1.9988
364,50,2,3,TRUE (Compliant),13,12,13,12,1.999
365,50,2,2,TRUE (Compliant),13,12,13,12,1.9986
366,50,1,7,TRUE (Compliant),13,12,13,12,1.999
367,50,1,6,TRUE (Compliant),13,12,13,12,1.9992
368,50,1,2,TRUE (Compliant),13,12,13,12,1.9985
369,50,1,2,TRUE (Compliant),13,12,13,12,1.999
370,50,1,4,TRUE (Compliant),13,12,13,12,1.9986
371,50,1,2,TRUE (Compliant),13,12,13,12,1.9996
372,50,1,4,TRUE (Compliant),13,12,13,12,1.9989
373,50,2,2,TRUE (Compliant),13,12,13,12,1.9992
374,50,2,2,TRUE (Compliant),13,12,13,12,1.9986
375,50,2,5,TRUE (Compliant),13,12,13,12,1.9992
376,50,1,2,TRUE (Compliant),13,12,13,12,1.9978
377,50,1,4,TRUE (Compliant),13,12,13,12,1.9987
378,50,1,3,TRUE (Compliant),13,12,13,12,1.998
379,50,1,2,TRUE (Compliant),13,12,13,12,1.9989
380,50,1,5,TRUE (Compliant),13,12,13,12,1.9987
381,50,1,5,TRUE (Compliant),13,12,13,12,1.9984
382,50,1,1,TRUE (Compliant),13,12,13,12,1.9988
383,50,1,3,TRUE (Compliant),13,12,13,12,1.9987
384,50,2,4,TRUE (Compliant),13,12,13,12,1.9984
385,50,1,4,TRUE (Compliant),13,12,13,12,1.9991
386,50,1,2,TRUE (Compliant),13,12,13,12,1.9988
387,50,1,6,TRUE (Compliant),13,12,13,12,1.9986
388,50,1,4,TRUE (Compliant),13,12,13,12,1.9992
389,50,1,2,TRUE (Compliant),13,12,13,12,1.9988
390,50,1,3,TRUE (Compliant),13,12,13,12,1.9984
391,50,1,7,TRUE (Compliant),13,12,13,12,1.999
392,50,1,4,TRUE (Compliant),13,12,13,12,1.9986
393,50,2,3,TRUE (Compliant),13,12,13,12,1.9985
394,50,1,2,TRUE (Compliant),13,12,13,12,1.9992
395,50,1,6,TRUE (Compliant),13,12,13,12,1.9994
396,50,1,2,TRUE (Compliant),13,12,13,12,1.9989
397,50,2,5,TRUE (Compliant),13,12,13,12,1.9989
398,50,2,7,TRUE (Compliant),13,12,13,12,1.9985
399,50,1,2,TRUE (Compliant),13,12,13,12,1.9984
400,50,2,3,TRUE (Compliant),13,12,13,12,1.9987
401,50,1,4,TRUE (Compliant),13,12,13,12,1.9997
402,50,1,7,TRUE (Compliant),13,12,13,12,1.999
403,50,1,2,TRUE (Compliant),13,12,13,12,1.9984
404,50,1,3,TRUE (Compliant),13,12,13,12,1.9984
405,50,1,4,TRUE (Compliant),13,12,13,12,1.9988
406,50,1,4,TRUE (Compliant),13,12,13,12,1.9989
407,50,2,3,TRUE (Compliant),13,12,13,12,1.9992
408,50,2,3,TRUE (Compliant),13,12,13,12,1.9992
409,50,2,4,TRUE (Compliant),13,12,13,12,1.9993
410,50,1,3,TRUE (Compliant),13,12,13,12,1.9985
411,50,1,4,TRUE (Compliant),13,12,13,12,1.9987
412,50,1,4,TRUE (Compliant),13,12,13,12,1.9996
413,50,2,5,TRUE (Compliant),13,12,13,12,1.9987
414,50,1,3,TRUE (Compliant),13,12,13,12,1.9987
415,50,2,1,TRUE (Compliant),13,12,13,12,1.9991
416,50,2,3,TRUE (Compliant),13,12,13,12,1.9991
417,50,1,7,TRUE (Compliant),13,12,13,12,1.9995
418,50,1,4,TRUE (Compliant),13,12,13,12,1.9987
419,50,1,4,TRUE (Compliant),13,12,13,12,1.9988
420,50,1,2,TRUE (Compliant),13,12,13,12,1.9987
421,50,2,6,TRUE (Compliant),13,12,13,12,1.9985
422,50,1,4,TRUE (Compliant),13,12,13,12,1.9981
423,50,1,3,TRUE (Compliant),13,12,13,12,1.9979
424,50,2,2,TRUE (Compliant),13,12,13,12,1.9984
425,50,1,4,TRUE (Compliant),13,12,13,12,1.9988
426,50,1,1,TRUE (Compliant),13,12,13,12,1.9989
427,50,1,4,TRUE (Compliant),13,12,13,12,1.9997
428,50,1,3,TRUE (Compliant),13,12,13,12,1.9988
429,50,1,5,TRUE (Compliant),13,12,13,12,1.9988
430,50,1,5,TRUE (Compliant),13,12,13,12,1.9992
431,50,1,6,TRUE (Compliant),13,12,13,12,1.9987
432,50,1,3,TRUE (Compliant),13,12,13,12,1.9981
433,50,1,5,TRUE (Compliant),13,12,13,12,1.9987
434,50,2,3,TRUE (Compliant),13,12,13,12,1.999
435,50,1,4,TRUE (Compliant),13,12,13,12,1.9993
436,50,1,4,TRUE (Compliant),13,12,13,12,1.9983
437,50,1,4,TRUE (Compliant),13,12,13,12,1.999
438,50,2,2,TRUE (Compliant),13,12,13,12,1.9984
439,50,1,4,TRUE (Compliant),13,12,13,12,1.9982
440,50,1,2,TRUE (Compliant),13,12,13,12,1.999
441,50,1,2,TRUE (Compliant),13,12,13,12,1.999
442,50,1,4,TRUE (Compliant),13,12,13,12,1.9981
443,50,2,3,TRUE (Compliant),13,12,13,12,1.9989
444,50,2,2,TRUE (Compliant),13,12,13,12,1.9987
445,50,1,4,TRUE (Compliant),13,12,13,12,1.9988
446,50,1,2,TRUE (Compliant),13,12,13,12,1.9984
447,50,1,4,TRUE (Compliant),13,12,13,12,1.9989
448,50,1,2,TRUE (Compliant),13,12,13,12,1.9994
449,50,1,1,TRUE (Compliant),13,12,13,12,1.9985
450,50,1,6,TRUE (Compliant),13,12,13,12,1.9994
451,50,1,3,TRUE (Compliant),13,12,13,12,1.9989
452,50,2,2,TRUE (Compliant),13,12,13,12,1.9984
453,50,1,5,TRUE (Compliant),13,12,13,12,1.9991
454,50,1,4,TRUE (Compliant),13,12,13,12,1.9993
455,50,1,6,TRUE (Compliant),13,12,13,12,1.9985
456,50,2,4,TRUE (Compliant),13,12,13,12,1.9992
457,50,1,5,TRUE (Compliant),13,12,13,12,1.9988
458,50,1,6,TRUE (Compliant),13,12,13,12,1.9995
459,50,1,6,TRUE (Compliant),13,12,13,12,1.9983
460,50,1,2,TRUE (Compliant),13,12,13,12,1.9989
461,50,2,2,TRUE (Compliant),13,12,13,12,1.9987
462,50,2,2,TRUE (Compliant),13,12,13,12,1.9986
463,50,1,4,TRUE (Compliant),13,12,13,12,1.9988
464,50,2,2,TRUE (Compliant),13,12,13,12,1.9994
465,50,2,7,TRUE (Compliant),13,12,13,12,1.9986
466,50,1,3,TRUE (Compliant),13,12,13,12,1.9994
467,50,1,2,TRUE (Compliant),13,12,13,12,1.9989
468,50,1,3,TRUE (Compliant),13,12,13,12,1.9984
469,50,1,7,TRUE (Compliant),13,12,13,12,1.9986
470,50,1,3,TRUE (Compliant),13,12,13,12,1.9987
471,50,1,6,TRUE (Compliant),13,12,13,12,1.998
472,50,2,3,TRUE (Compliant),13,12,13,12,1.9988
473,50,1,4,TRUE (Compliant),13,12,13,12,1.9992
474,50,2,2,TRUE (Compliant),13,12,13,12,1.9984
475,50,2,3,TRUE (Compliant),13,12,13,12,1.9987
476,50,1,6,TRUE (Compliant),13,12,13,12,1.9989
477,50,2,5,TRUE (Compliant),13,12,13,12,1.9989
478,50,1,2,TRUE (Compliant),13,12,13,12,1.9988
479,50,1,1,TRUE (Compliant),13,12,13,12,1.9991
480,50,2,2,TRUE (Compliant),13,12,13,12,1.9987
481,50,1,4,TRUE (Compliant),13,12,13,12,1.9983
482,50,1,4,TRUE (Compliant),13,12,13,12,1.9984
483,50,1,4,TRUE (Compliant),13,12,13,12,1.9986
484,50,2,2,TRUE (Compliant),13,12,13,12,1.9989
485,50,2,6,TRUE (Compliant),13,12,13,12,1.9994
486,50,1,2,TRUE (Compliant),13,12,13,12,1.9994
487,50,1,7,TRUE (Compliant),13,12,13,12,1.9979
488,50,1,3,TRUE (Compliant),13,12,13,12,1.999
489,50,1,3,TRUE (Compliant),13,12,13,12,1.9985
490,50,1,6,TRUE (Compliant),13,12,13,12,1.999
491,50,2,4,TRUE (Compliant),13,12,13,12,1.9984
492,50,1,2,TRUE (Compliant),13,12,13,12,1.9985
493,50,1,3,TRUE (Compliant),13,12,13,12,1.9988
494,50,1,2,TRUE (Compliant),13,12,13,12,1.9995
495,50,1,6,TRUE (Compliant),13,12,13,12,1.999
496,50,1,2,TRUE (Compliant),13,12,13,12,1.9985
497,50,2,5,TRUE (Compliant),13,12,13,12,1.9983
498,50,1,2,TRUE (Compliant),13,12,13,12,1.9983
499,50,1,2,TRUE (Compliant),13,12,13,12,1.999
500,50,1,2,TRUE (Compliant),13,12,13,12,1.9986
501,50,1,4,TRUE (Compliant),13,12,13,12,1.9993
502,50,1,5,TRUE (Compliant),13,12,13,12,1.9994
503,50,1,2,TRUE (Compliant),13,12,13,12,1.9988
504,50,1,3,TRUE (Compliant),13,12,13,12,1.9988
505,50,1,4,TRUE (Compliant),13,12,13,12,1.999
506,50,2,4,TRUE (Compliant),13,12,13,12,1.9997
507,50,1,2,TRUE (Compliant),13,12,13,12,1.9984
508,50,1,2,TRUE (Compliant),13,12,13,12,1.9986
509,50,1,4,TRUE (Compliant),13,12,13,12,1.9985
510,50,2,4,TRUE (Compliant),13,12,13,12,1.999
511,50,1,6,TRUE (Compliant),13,12,13,12,1.9989
512,50,1,3,TRUE (Compliant),13,12,13,12,1.9987
513,50,2,3,TRUE (Compliant),13,12,13,12,1.9985
514,50,1,5,TRUE (Compliant),13,12,13,12,1.9986
515,50,1,3,TRUE (Compliant),13,12,13,12,1.9988
516,50,2,4,TRUE (Compliant),13,12,13,12,1.9987
517,50,1,4,TRUE (Compliant),13,12,13,12,1.9983
518,50,2,2,TRUE (Compliant),13,12,13,12,1.9988
519,50,1,4,TRUE (Compliant),13,12,13,12,1.9983
520,50,1,3,TRUE (Compliant),13,12,13,12,1.9982
521,50,2,6,TRUE (Compliant),13,12,13,12,1.9988
522,50,1,4,TRUE (Compliant),13,12,13,12,1.9989
523,50,1,2,TRUE (Compliant),13,12,13,12,1.9985
524,50,1,5,TRUE (Compliant),13,12,13,12,1.9993
525,50,1,3,TRUE (Compliant),13,12,13,12,1.9988
526,50,1,4,TRUE (Compliant),13,12,13,12,1.9989
527,50,1,7,TRUE (Compliant),13,12,13,12,1.9989
528,50,2,3,TRUE (Compliant),13,12,13,12,1.9988
529,50,1,2,TRUE (Compliant),13,12,13,12,1.9991
530,50,2,4,TRUE (Compliant),13,12,13,12,1.9987
531,50,2,6,TRUE (Compliant),13,12,13,12,1.999
532,50,1,7,TRUE (Compliant),13,12,13,12,1.9987
533,50,2,2,TRUE (Compliant),13,12,13,12,1.9992
534,50,2,2,TRUE (Compliant),13,12,13,12,1.999
535,50,1,3,TRUE (Compliant),13,12,13,12,1.998
536,50,1,2,TRUE (Compliant),13,12,13,12,1.9988
537,50,2,2,TRUE (Compliant),13,12,13,12,1.9982
538,50,2,2,TRUE (Compliant),13,12,13,12,1.999
539,50,1,1,TRUE (Compliant),13,12,13,12,1.9981
540,50,1,3,TRUE (Compliant),13,12,13,12,1.9991
541,50,1,3,TRUE (Compliant),13,12,13,12,1.9987
542,50,1,4,TRUE (Compliant),13,12,13,12,1.9988
543,50,1,3,TRUE (Compliant),13,12,13,12,1.9989
544,50,1,7,TRUE (Compliant),13,12,13,12,1.9992
545,50,2,2,TRUE (Compliant),13,12,13,12,1.9993
546,50,1,4,TRUE (Compliant),13,12,13,12,1.9995
547,50,1,5,TRUE (Compliant),13,12,13,12,1.9985
548,50,2,3,TRUE (Compliant),13,12,13,12,1.9991
549,50,2,3,TRUE (Compliant),13,12,13,12,1.999
550,50,1,3,TRUE (Compliant),13,12,13,12,1.9984
551,50,1,4,TRUE (Compliant),13,12,13,12,1.9986
552,50,1,1,TRUE (Compliant),13,12,13,12,1.9989
553,50,2,6,TRUE (Compliant),13,12,13,12,1.9984
554,50,1,4,TRUE (Compliant),13,12,13,12,1.9989
555,50,1,4,TRUE (Compliant),13,12,13,12,1.9983
556,50,1,7,TRUE (Compliant),13,12,13,12,1.9984
557,50,1,7,TRUE (Compliant),13,12,13,12,1.9989
558,50,1,4,TRUE (Compliant),13,12,13,12,1.9988
559,50,1,2,TRUE (Compliant),13,12,13,12,1.9985
560,50,1,4,TRUE (Compliant),13,12,13,12,1.9989
561,50,2,4,TRUE (Compliant),13,12,13,12,1.9994
562,50,1,5,TRUE (Compliant),13,12,13,12,1.9983
563,50,1,2,TRUE (Compliant),13,12,13,12,1.9984
564,50,1,2,TRUE (Compliant),13,12,13,12,1.9992
565,50,1,7,TRUE (Compliant),13,12,13,12,1.9986
566,50,1,4,TRUE (Compliant),13,12,13,12,1.9988
567,50,1,4,TRUE (Compliant),13,12,13,12,1.9993
568,50,1,5,TRUE (Compliant),13,12,13,12,1.9988
569,50,1,1,TRUE (Compliant),13,12,13,12,1.9982
570,50,1,6,TRUE (Compliant),13,12,13,12,2.0001
571,50,1,4,TRUE (Compliant),13,12,13,12,1.9995
572,50,2,3,TRUE (Compliant),13,12,13,12,1.9986
573,50,1,6,TRUE (Compliant),13,12,13,12,1.9991
574,50,2,5,TRUE (Compliant),13,12,13,12,1.9992
575,50,1,2,TRUE (Compliant),13,12,13,12,1.9988
576,50,1,6,TRUE (Compliant),13,12,13,12,1.9996
577,50,1,4,TRUE (Compliant),13,12,13,12,1.999
578,50,1,3,TRUE (Compliant),13,12,13,12,1.9988
579,50,2,3,TRUE (Compliant),13,12,13,12,1.9984
580,50,1,3,TRUE (Compliant),13,12,13,12,1.9987
581,50,1,2,TRUE (Compliant),13,12,13,12,1.9991
582,50,1,5,TRUE (Compliant),13,12,13,12,1.9996
583,50,1,2,TRUE (Compliant),13,12,13,12,1.9987
584,50,1,5,TRUE (Compliant),13,12,13,12,1.9986
585,50,2,7,TRUE (Compliant),13,12,13,12,1.998
586,50,2,3,TRUE (Compliant),13,12,13,12,1.999
587,50,1,4,TRUE (Compliant),13,12,13,12,1.9992
588,50,1,2,TRUE (Compliant),13,12,13,12,1.9989
589,50,1,4,TRUE (Compliant),13,12,13,12,1.9987
590,50,1,4,TRUE (Compliant),13,12,13,12,1.9986
591,50,1,4,TRUE (Compliant),13,12,13,12,1.9994
592,50,1,3,TRUE (Compliant),13,12,13,12,1.9984
593,50,1,3,TRUE (Compliant),13,12,13,12,1.9991
594,50,1,5,TRUE (Compliant),13,12,13,12,1.9989
595,50,1,1,TRUE (Compliant),13,12,13,12,1.9989
596,50,1,3,TRUE (Compliant),13,12,13,12,1.9986
597,50,1,6,TRUE (Compliant),13,12,13,12,1.9994
598,50,2,2,TRUE (Compliant),13,12,13,12,1.9982
599,50,1,4,TRUE (Compliant),13,12,13,12,1.9998
600,50,1,1,TRUE (Compliant),13,12,13,12,1.9992
601,50,1,3,TRUE (Compliant),13,12,13,12,1.9982
602,50,2,3,TRUE (Compliant),13,12,13,12,1.9987
603,50,1,2,TRUE (Compliant),13,12,13,12,1.9994
604,50,1,2,TRUE (Compliant),13,12,13,12,1.999
605,50,2,4,TRUE (Compliant),13,12,13,12,1.9989
606,50,2,4,TRUE (Compliant),13,12,13,12,1.9993
607,50,1,7,TRUE (Compliant),13,12,13,12,1.9987
608,50,1,2,TRUE (Compliant),13,12,13,12,1.9989
609,50,1,5,TRUE (Compliant),13,12,13,12,1.9989
610,50,2,3,TRUE (Compliant),13,12,13,12,1.9988
611,50,2,2,TRUE (Compliant),13,12,13,12,1.999
612,50,2,7,TRUE (Compliant),13,12,13,12,1.9992
613,50,1,4,TRUE (Compliant),13,12,13,12,1.999
614,50,1,3,TRUE (Compliant),13,12,13,12,1.9993
615,50,2,3,TRUE (Compliant),13,12,13,12,1.9985
616,50,1,4,TRUE (Compliant),13,12,13,12,1.9986
617,50,1,4,TRUE (Compliant),13,12,13,12,1.9991
618,50,1,4,TRUE (Compliant),13,12,13,12,1.9989
619,50,1,4,TRUE (Compliant),13,12,13,12,1.9988
620,50,1,2,TRUE (Compliant),13,12,13,12,1.9991
621,50,1,7,TRUE (Compliant),13,12,13,12,1.9986
622,50,1,4,TRUE (Compliant),13,12,13,12,1.9983
623,50,2,3,TRUE (Compliant),13,12,13,12,1.9982
624,50,2,2,TRUE (Compliant),13,12,13,12,1.9986
625,50,1,6,TRUE (Compliant),13,12,13,12,1.9993
626,50,1,7,TRUE (Compliant),13,12,13,12,1.9989
627,50,2,2,TRUE (Compliant),13,12,13,12,1.9987
628,50,1,3,TRUE (Compliant),13,12,13,12,1.9994
629,50,1,1,TRUE (Compliant),13,12,13,12,1.999
630,50,1,1,TRUE (Compliant),13,12,13,12,1.998
631,50,2,4,TRUE (Compliant),13,12,13,12,1.9988
632,50,1,3,TRUE (Compliant),13,12,13,12,1.9987
633,50,1,4,TRUE (Compliant),13,12,13,12,1.9984
634,50,1,4,TRUE (Compliant),13,12,13,12,1.9987
635,50,1,2,TRUE (Compliant),13,12,13,12,1.9992
636,50,1,5,TRUE (Compliant),13,12,13,12,1.9983
637,50,2,2,TRUE (Compliant),13,12,13,12,1.9988
638,50,1,1,TRUE (Compliant),13,12,13,12,1.9983
639,50,1,2,TRUE (Compliant),13,12,13,12,1.9984
640,50,1,4,TRUE (Compliant),13,12,13,12,1.9987
641,50,1,2,TRUE (Compliant),13,12,13,12,1.9984
642,50,1,1,TRUE (Compliant),13,12,13,12,1.9988
643,50,1,7,TRUE (Compliant),13,12,13,12,1.9998
644,50,2,4,TRUE (Compliant),13,12,13,12,1.9995
645,50,1,4,TRUE (Compliant),13,12,13,12,1.9991
646,50,1,4,TRUE (Compliant),13,12,13,12,1.9991
647,50,1,2,TRUE (Compliant),13,12,13,12,1.9986
648,50,1,6,TRUE (Compliant),13,12,13,12,1.999
649,50,2,3,TRUE (Compliant),13,12,13,12,1.9986
650,50,2,2,TRUE (Compliant),13,12,13,12,1.9981
651,50,1,5,TRUE (Compliant),13,12,13,12,1.9991
652,50,2,2,TRUE (Compliant),13,12,13,12,1.9992
653,50,2,3,TRUE (Compliant),13,12,13,12,1.9992
654,50,2,4,TRUE (Compliant),13,12,13,12,1.999
655,50,1,4,TRUE (Compliant),13,12,13,12,1.9988
656,50,1,4,TRUE (Compliant),13,12,13,12,1.9986
657,50,1,3,TRUE (Compliant),13,12,13,12,1.9988
658,50,2,3,TRUE (Compliant),13,12,13,12,1.9985
659,50,1,5,TRUE (Compliant),13,12,13,12,1.9987
660,50,2,7,TRUE (Compliant),13,12,13,12,1.9993
661,50,1,2,TRUE (Compliant),13,12,13,12,1.999
662,50,1,3,TRUE (Compliant),13,12,13,12,1.9994
663,50,2,2,TRUE (Compliant),13,12,13,12,1.9989
664,50,2,4,TRUE (Compliant),13,12,13,12,1.999
665,50,1,2,TRUE (Compliant),13,12,13,12,1.9984
666,50,1,3,TRUE (Compliant),13,12,13,12,1.999
667,50,1,2,TRUE (Compliant),13,12,13,12,1.9994
668,50,1,4,TRUE (Compliant),13,12,13,12,1.9985
669,50,1,2,TRUE (Compliant),13,12,13,12,1.9987
670,50,1,2,TRUE (Compliant),13,12,13,12,1.9994
671,50,1,3,TRUE (Compliant),13,12,13,12,1.9984
672,50,2,3,TRUE (Compliant),13,12,13,12,1.999
673,50,1,2,TRUE (Compliant),13,12,13,12,1.9987
674,50,1,4,TRUE (Compliant),13,12,13,12,1.999
675,50,1,3,TRUE (Compliant),13,12,13,12,1.9995
676,50,1,3,TRUE (Compliant),13,12,13,12,1.9986
677,50,1,6,TRUE (Compliant),13,12,13,12,1.9984
678,50,1,3,TRUE (Compliant),13,12,13,12,1.9992
679,50,1,2,TRUE (Compliant),13,12,13,12,1.9993
680,50,1,1,TRUE (Compliant),13,12,13,12,1.9993
681,50,1,3,TRUE (Compliant),13,12,13,12,1.9989
682,50,2,5,TRUE (Compliant),13,12,13,12,1.9988
683,50,2,6,TRUE (Compliant),13,12,13,12,1.9994
684,50,2,2,TRUE (Compliant),13,12,13,12,1.9992
685,50,1,3,TRUE (Compliant),13,12,13,12,1.9994
686,50,2,3,TRUE (Compliant),13,12,13,12,1.9989
687,50,1,4,TRUE (Compliant),13,12,13,12,1.9983
688,50,1,2,TRUE (Compliant),13,12,13,12,1.9989
689,50,1,4,TRUE (Compliant),13,12,13,12,1.9988
690,50,1,3,TRUE (Compliant),13,12,13,12,1.9993
691,50,1,4,TRUE (Compliant),13,12,13,12,1.9993
692,50,1,2,TRUE (Compliant),13,12,13,12,1.9992
693,50,1,7,TRUE (Compliant),13,12,13,12,1.9995
694,50,1,4,TRUE (Compliant),13,12,13,12,1.9989
695,50,1,5,TRUE (Compliant),13,12,13,12,1.9983
696,50,1,1,TRUE (Compliant),13,12,13,12,1.9989
697,50,1,4,TRUE (Compliant),13,12,13,12,1.9988
698,50,1,4,TRUE (Compliant),13,12,13,12,1.9987
699,50,2,2,TRUE (Compliant),13,12,13,12,1.9989
700,50,1,4,TRUE (Compliant),13,12,13,12,1.999
701,50,1,6,TRUE (Compliant),13,12,13,12,1.9986
702,50,1,4,TRUE (Compliant),13,12,13,12,1.9984
703,50,2,1,TRUE (Compliant),13,12,13,12,1.9988
704,50,2,5,TRUE (Compliant),13,12,13,12,1.9984
705,50,1,3,TRUE (Compliant),13,12,13,12,1.9982
706,50,1,4,TRUE (Compliant),13,12,13,12,1.9983
707,50,2,6,TRUE (Compliant),13,12,13,12,1.9993
708,50,1,4,TRUE (Compliant),13,12,13,12,1.9983
709,50,1,4,TRUE (Compliant),13,12,13,12,1.9993
710,50,1,2,TRUE (Compliant),13,12,13,12,1.9984
711,50,2,2,TRUE (Compliant),13,12,13,12,1.999
712,50,1,4,TRUE (Compliant),13,12,13,12,1.9992
713,50,1,1,TRUE (Compliant),13,12,13,12,1.9995
714,50,1,7,TRUE (Compliant),13,12,13,12,1.9982
715,50,1,3,TRUE (Compliant),13,12,13,12,1.9994
716,50,1,7,TRUE (Compliant),13,12,13,12,1.9988
717,50,2,2,TRUE (Compliant),13,12,13,12,1.9989
718,50,2,3,TRUE (Compliant),13,12,13,12,1.9979
719,50,1,3,TRUE (Compliant),13,12,13,12,1.9989
720,50,2,2,TRUE (Compliant),13,12,13,12,1.9995
721,50,2,5,TRUE (Compliant),13,12,13,12,1.9987
722,50,1,7,TRUE (Compliant),13,12,13,12,1.9987
723,50,1,1,TRUE (Compliant),13,12,13,12,1.9991
724,50,1,7,TRUE (Compliant),13,12,13,12,1.9992
725,50,2,4,TRUE (Compliant),13,12,13,12,1.9991
726,50,1,3,TRUE (Compliant),13,12,13,12,1.999
727,50,1,4,TRUE (Compliant),13,12,13,12,1.9988
728,50,1,2,TRUE (Compliant),13,12,13,12,1.9987
729,50,1,5,TRUE (Compliant),13,12,13,12,1.9988
730,50,1,1,TRUE (Compliant),13,12,13,12,1.9989
731,50,1,3,TRUE (Compliant),13,12,13,12,1.9996
732,50,1,7,TRUE (Compliant),13,12,13,12,1.9989
733,50,2,1,TRUE (Compliant),13,12,13,12,1.9992
734,50,1,2,TRUE (Compliant),13,12,13,12,1.9989
735,50,2,2,TRUE (Compliant),13,12,13,12,1.9983
736,50,1,2,TRUE (Compliant),13,12,13,12,1.9995
737,50,1,2,TRUE (Compliant),13,12,13,12,1.9987
738,50,1,2,TRUE (Compliant),13,12,13,12,1.9982
739,50,2,3,TRUE (Compliant),13,12,13,12,1.9989
740,50,2,4,TRUE (Compliant),13,12,13,12,1.9994
741,50,1,6,TRUE (Compliant),13,12,13,12,1.9986
742,50,2,2,TRUE (Compliant),13,12,13,12,1.9992
743,50,2,7,TRUE (Compliant),13,12,13,12,1.999
744,50,1,3,TRUE (Compliant),13,12,13,12,1.999
745,50,2,2,TRUE (Compliant),13,12,13,12,1.9981
746,50,1,2,TRUE (Compliant),13,12,13,12,1.9992
747,50,1,2,TRUE (Compliant),13,12,13,12,1.9987
748,50,1,5,TRUE (Compliant),13,12,13,12,1.9991
749,50,1,4,TRUE (Compliant),13,12,13,12,1.9985
750,50,1,2,TRUE (Compliant),13,12,13,12,1.9985
751,50,1,2,TRUE (Compliant),13,12,13,12,1.9991
752,50,1,2,TRUE (Compliant),13,12,13,12,1.9985
753,50,1,5,TRUE (Compliant),13,12,13,12,1.9989
754,50,1,4,TRUE (Compliant),13,12,13,12,1.9992
755,50,1,2,TRUE (Compliant),13,12,13,12,1.9993
756,50,1,7,TRUE (Compliant),13,12,13,12,1.999
757,50,1,3,TRUE (Compliant),13,12,13,12,1.9991
758,50,2,5,TRUE (Compliant),13,12,13,12,1.9991
759,50,1,3,TRUE (Compliant),13,12,13,12,1.9987
760,50,1,1,TRUE (Compliant),13,12,13,12,1.9992
761,50,1,3,TRUE (Compliant),13,12,13,12,1.9987
762,50,1,3,TRUE (Compliant),13,12,13,12,1.9993
763,50,1,2,TRUE (Compliant),13,12,13,12,1.9986
764,50,1,6,TRUE (Compliant),13,12,13,12,1.9984
765,50,1,2,TRUE (Compliant),13,12,13,12,1.9985
766,50,1,7,TRUE (Compliant),13,12,13,12,1.9996
767,50,1,7,TRUE (Compliant),13,12,13,12,1.9987
768,50,1,4,TRUE (Compliant),13,12,13,12,1.9983
769,50,2,1,TRUE (Compliant),13,12,13,12,1.9983
770,50,1,2,TRUE (Compliant),13,12,13,12,1.9991
771,50,2,3,TRUE (Compliant),13,12,13,12,1.9993
772,50,1,4,TRUE (Compliant),13,12,13,12,1.9992
773,50,1,3,TRUE (Compliant),13,12,13,12,1.9982
774,50,1,2,TRUE (Compliant),13,12,13,12,1.999
775,50,1,5,TRUE (Compliant),13,12,13,12,1.999
776,50,2,2,TRUE (Compliant),13,12,13,12,1.9984
777,50,1,2,TRUE (Compliant),13,12,13,12,1.9987
778,50,1,4,TRUE (Compliant),13,12,13,12,2.0002
779,50,2,2,TRUE (Compliant),13,12,13,12,1.9987
780,50,1,6,TRUE (Compliant),13,12,13,12,1.9991
781,50,1,3,TRUE (Compliant),13,12,13,12,1.9998
782,50,2,3,TRUE (Compliant),13,12,13,12,1.9984
783,50,1,3,TRUE (Compliant),13,12,13,12,1.9993
784,50,1,2,TRUE (Compliant),13,12,13,12,1.9988
785,50,1,1,TRUE (Compliant),13,12,13,12,1.9994
786,50,1,3,TRUE (Compliant),13,12,13,12,1.9987
787,50,2,4,TRUE (Compliant),13,12,13,12,1.9995
788,50,1,2,TRUE (Compliant),13,12,13,12,1.9985
789,50,1,2,TRUE (Compliant),13,12,13,12,1.9985
790,50,2,2,TRUE (Compliant),13,12,13,12,1.999
791,50,2,2,TRUE (Compliant),13,12,13,12,1.9988
792,50,1,2,TRUE (Compliant),13,12,13,12,1.9986
793,50,1,2,TRUE (Compliant),13,12,13,12,1.9979
794,50,1,5,TRUE (Compliant),13,12,13,12,1.9992
795,50,1,2,TRUE (Compliant),13,12,13,12,1.9984
796,50,1,1,TRUE (Compliant),13,12,13,12,1.9988
797,50,2,5,TRUE (Compliant),13,12,13,12,1.9994
798,50,1,2,TRUE (Compliant),13,12,13,12,1.999
799,50,1,2,TRUE (Compliant),13,12,13,12,1.9992
800,50,1,3,TRUE (Compliant),13,12,13,12,1.9983
801,50,1,6,TRUE (Compliant),13,12,13,12,1.9982
802,50,2,3,TRUE (Compliant),13,12,13,12,1.9986
803,50,1,4,TRUE (Compliant),13,12,13,12,1.9988
804,50,1,3,TRUE (Compliant),13,12,13,12,1.999
805,50,1,4,TRUE (Compliant),13,12,13,12,1.9983
806,50,2,4,TRUE (Compliant),13,12,13,12,1.9985
807,50,1,4,TRUE (Compliant),13,12,13,12,1.999
808,50,1,4,TRUE (Compliant),13,12,13,12,1.9993
809,50,2,2,TRUE (Compliant),13,12,13,12,1.9994
810,50,1,2,TRUE (Compliant),13,12,13,12,1.9985
811,50,1,6,TRUE (Compliant),13,12,13,12,1.9989
812,50,1,3,TRUE (Compliant),13,12,13,12,1.9981
813,50,2,3,TRUE (Compliant),13,12,13,12,1.9989
814,50,1,2,TRUE (Compliant),13,12,13,12,1.998
815,50,2,7,TRUE (Compliant),13,12,13,12,1.9984
816,50,1,3,TRUE (Compliant),13,12,13,12,1.9986
817,50,1,1,TRUE (Compliant),13,12,13,12,1.9987
818,50,2,4,TRUE (Compliant),13,12,13,12,1.9984
819,50,1,4,TRUE (Compliant),13,12,13,12,1.9983
820,50,1,3,TRUE (Compliant),13,12,13,12,1.9991
821,50,1,2,TRUE (Compliant),13,12,13,12,1.999
822,50,2,4,TRUE (Compliant),13,12,13,12,1.998
823,50,1,5,TRUE (Compliant),13,12,13,12,1.9994
824,50,1,2,TRUE (Compliant),13,12,13,12,1.999
825,50,1,5,TRUE (Compliant),13,12,13,12,1.9994
826,50,1,6,TRUE (Compliant),13,12,13,12,1.9991
827,50,1,4,TRUE (Compliant),13,12,13,12,1.9995
828,50,2,3,TRUE (Compliant),13,12,13,12,1.9984
829,50,2,4,TRUE (Compliant),13,12,13,12,1.9984
830,50,1,4,TRUE (Compliant),13,12,13,12,1.9998
831,50,1,6,TRUE (Compliant),13,12,13,12,1.9983
832,50,1,2,TRUE (Compliant),13,12,13,12,1.9998
833,50,2,4,TRUE (Compliant),13,12,13,12,1.9986
834,50,2,4,TRUE (Compliant),13,12,13,12,1.9991
835,50,1,5,TRUE (Compliant),13,12,13,12,1.9993
836,50,1,4,TRUE (Compliant),13,12,13,12,1.9984
837,50,1,6,TRUE (Compliant),13,12,13,12,1.9992
838,50,1,2,TRUE (Compliant),13,12,13,12,1.9983
839,50,2,3,TRUE (Compliant),13,12,13,12,1.9979
840,50,1,3,TRUE (Compliant),13,12,13,12,1.9986
841,50,2,5,TRUE (Compliant),13,12,13,12,1.9985
842,50,1,3,TRUE (Compliant),13,12,13,12,1.9983
843,50,2,2,TRUE (Compliant),13,12,13,12,1.999
844,50,2,3,TRUE (Compliant),13,12,13,12,1.9984
845,50,1,3,TRUE (Compliant),13,12,13,12,1.9985
846,50,2,2,TRUE (Compliant),13,12,13,12,1.9988
847,50,1,2,TRUE (Compliant),13,12,13,12,1.9988
848,50,2,3,TRUE (Compliant),13,12,13,12,1.9994
849,50,1,4,TRUE (Compliant),13,12,13,12,1.9981
850,50,1,4,TRUE (Compliant),13,12,13,12,1.9986
851,50,1,4,TRUE (Compliant),13,12,13,12,1.9987
852,50,1,7,TRUE (Compliant),13,12,13,12,1.9984
853,50,1,1,TRUE (Compliant),13,12,13,12,1.999
854,50,1,3,TRUE (Compliant),13,12,13,12,1.9992
855,50,1,2,TRUE (Compliant),13,12,13,12,1.9986
856,50,2,3,TRUE (Compliant),13,12,13,12,1.9987
857,50,1,2,TRUE (Compliant),13,12,13,12,1.9987
858,50,1,5,TRUE (Compliant),13,12,13,12,1.9984
859,50,1,6,TRUE (Compliant),13,12,13,12,1.9994
860,50,1,6,TRUE (Compliant),13,12,13,12,1.999
861,50,2,4,TRUE (Compliant),13,12,13,12,1.9987
862,50,1,2,TRUE (Compliant),13,12,13,12,1.9984
863,50,1,3,TRUE (Compliant),13,12,13,12,1.9982
864,50,2,4,TRUE (Compliant),13,12,13,12,1.9991
865,50,1,7,TRUE (Compliant),13,12,13,12,1.9995
866,50,1,5,TRUE (Compliant),13,12,13,12,1.9988
867,50,1,2,TRUE (Compliant),13,12,13,12,1.999
868,50,1,3,TRUE (Compliant),13,12,13,12,1.9994
869,50,2,3,TRUE (Compliant),13,12,13,12,1.9985
870,50,1,5,TRUE (Compliant),13,12,13,12,1.9993
871,50,1,2,TRUE (Compliant),13,12,13,12,1.9989
872,50,1,3,TRUE (Compliant),13,12,13,12,1.9989
873,50,1,3,TRUE (Compliant),13,12,13,12,1.9984
874,50,2,5,TRUE (Compliant),13,12,13,12,1.9989
875,50,1,1,TRUE (Compliant),13,12,13,12,1.9981
876,50,1,7,TRUE (Compliant),13,12,13,12,1.9987
877,50,2,2,TRUE (Compliant),13,12,13,12,1.9986
878,50,2,4,TRUE (Compliant),13,12,13,12,1.9979
879,50,1,6,TRUE (Compliant),13,12,13,12,1.9989
880,50,1,2,TRUE (Compliant),13,12,13,12,1.9992
881,50,1,2,TRUE (Compliant),13,12,13,12,1.9988
882,50,1,3,TRUE (Compliant),13,12,13,12,1.9987
883,50,1,3,TRUE (Compliant),13,12,13,12,1.9992
884,50,1,4,TRUE (Compliant),13,12,13,12,1.9988
885,50,1,1,TRUE (Compliant),13,12,13,12,1.9993
886,50,1,5,TRUE (Compliant),13,12,13,12,1.999
887,50,1,2,TRUE (Compliant),13,12,13,12,1.9983
888,50,2,3,TRUE (Compliant),13,12,13,12,1.9991
889,50,1,3,TRUE (Compliant),13,12,13,12,1.9981
890,50,1,2,TRUE (Compliant),13,12,13,12,1.9986
891,50,1,2,TRUE (Compliant),13,12,13,12,1.999
892,50,1,4,TRUE (Compliant),13,12,13,12,1.999
893,50,1,3,TRUE (Compliant),13,12,13,12,1.999
894,50,1,6,TRUE (Compliant),13,12,13,12,1.9983
895,50,1,4,TRUE (Compliant),13,12,13,12,1.9982
896,50,2,2,TRUE (Compliant),13,12,13,12,1.9984
897,50,1,3,TRUE (Compliant),13,12,13,12,1.9985
898,50,2,2,TRUE (Compliant),13,12,13,12,1.9996
899,50,1,3,TRUE (Compliant),13,12,13,12,1.9991
900,50,2,6,TRUE (Compliant),13,12,13,12,1.9987
901,50,1,2,TRUE (Compliant),13,12,13,12,1.9995
902,50,1,2,TRUE (Compliant),13,12,13,12,1.999
903,50,1,4,TRUE (Compliant),13,12,13,12,1.9978
904,50,2,4,TRUE (Compliant),13,12,13,12,1.9981
905,50,1,2,TRUE (Compliant),13,12,13,12,1.9983
906,50,1,3,TRUE (Compliant),13,12,13,12,1.9999
907,50,2,2,TRUE (Compliant),13,12,13,12,1.9986
908,50,1,4,TRUE (Compliant),13,12,13,12,1.9987
909,50,1,3,TRUE (Compliant),13,12,13,12,1.9985
910,50,1,2,TRUE (Compliant),13,12,13,12,1.9988
911,50,1,1,TRUE (Compliant),13,12,13,12,1.9987
912,50,1,4,TRUE (Compliant),13,12,13,12,1.9987
913,50,1,3,TRUE (Compliant),13,12,13,12,1.9987
914,50,2,3,TRUE (Compliant),13,12,13,12,1.9982
915,50,2,2,TRUE (Compliant),13,12,13,12,1.9995
916,50,2,3,TRUE (Compliant),13,12,13,12,1.9982
917,50,2,5,TRUE (Compliant),13,12,13,12,1.9984
918,50,2,3,TRUE (Compliant),13,12,13,12,1.9983
919,50,1,6,TRUE (Compliant),13,12,13,12,1.9987
920,50,1,2,TRUE (Compliant),13,12,13,12,1.9984
921,50,1,3,TRUE (Compliant),13,12,13,12,1.9993
922,50,1,4,TRUE (Compliant),13,12,13,12,1.9993
923,50,2,1,TRUE (Compliant),13,12,13,12,1.9981
924,50,1,3,TRUE (Compliant),13,12,13,12,1.9997
925,50,1,6,TRUE (Compliant),13,12,13,12,1.9984
926,50,1,2,TRUE (Compliant),13,12,13,12,1.9987
927,50,1,2,TRUE (Compliant),13,12,13,12,1.9985
928,50,1,3,TRUE (Compliant),13,12,13,12,1.9993
929,50,1,3,TRUE (Compliant),13,12,13,12,1.9991
930,50,2,3,TRUE (Compliant),13,12,13,12,1.9983
931,50,2,1,TRUE (Compliant),13,12,13,12,1.9983
932,50,2,2,TRUE (Compliant),13,12,13,12,1.999
933,50,1,3,TRUE (Compliant),13,12,13,12,1.9983
934,50,2,4,TRUE (Compliant),13,12,13,12,1.9986
935,50,1,3,TRUE (Compliant),13,12,13,12,1.9995
936,50,2,4,TRUE (Compliant),13,12,13,12,1.9983
937,50,1,2,TRUE (Compliant),13,12,13,12,1.9987
938,50,2,4,TRUE (Compliant),13,12,13,12,1.9982
939,50,1,2,TRUE (Compliant),13,12,13,12,1.9989
940,50,1,2,TRUE (Compliant),13,12,13,12,1.9986
941,50,2,3,TRUE (Compliant),13,12,13,12,1.999
942,50,1,4,TRUE (Compliant),13,12,13,12,1.9989
943,50,1,2,TRUE (Compliant),13,12,13,12,1.9994
944,50,1,3,TRUE (Compliant),13,12,13,12,1.9994
945,50,2,3,TRUE (Compliant),13,12,13,12,1.9991
946,50,1,4,TRUE (Compliant),13,12,13,12,1.9984
947,50,1,2,TRUE (Compliant),13,12,13,12,1.9987
948,50,1,5,TRUE (Compliant),13,12,13,12,1.9987
949,50,1,1,TRUE (Compliant),13,12,13,12,1.9983
950,50,1,1,TRUE (Compliant),13,12,13,12,1.9993
951,50,1,4,TRUE (Compliant),13,12,13,12,1.9986
952,50,1,2,TRUE (Compliant),13,12,13,12,1.9989
953,50,1,4,TRUE (Compliant),13,12,13,12,1.9991
954,50,1,6,TRUE (Compliant),13,12,13,12,1.999
955,50,1,4,TRUE (Compliant),13,12,13,12,1.9984
956,50,2,5,TRUE (Compliant),13,12,13,12,1.9987
957,50,1,3,TRUE (Compliant),13,12,13,12,1.9984
958,50,1,7,TRUE (Compliant),13,12,13,12,1.9986
959,50,1,2,TRUE (Compliant),13,12,13,12,1.9989
960,50,2,4,TRUE (Compliant),13,12,13,12,1.9991
961,50,1,7,TRUE (Compliant),13,12,13,12,1.9991
962,50,2,6,TRUE (Compliant),13,12,13,12,1.9992
963,50,1,3,TRUE (Compliant),13,12,13,12,1.9986
964,50,2,2,TRUE (Compliant),13,12,13,12,1.9989
965,50,1,3,TRUE (Compliant),13,12,13,12,1.9987
966,50,2,2,TRUE (Compliant),13,12,13,12,1.9989
967,50,1,2,TRUE (Compliant),13,12,13,12,1.9982
968,50,1,3,TRUE (Compliant),13,12,13,12,1.9987
969,50,1,3,TRUE (Compliant),13,12,13,12,1.999
970,50,1,1,TRUE (Compliant),13,12,13,12,1.9989
971,50,1,5,TRUE (Compliant),13,12,13,12,1.9991
972,50,2,4,TRUE (Compliant),13,12,13,12,1.9989
973,50,2,3,TRUE (Compliant),13,12,13,12,1.9983
974,50,1,3,TRUE (Compliant),13,12,13,12,1.9991
975,50,2,2,TRUE (Compliant),13,12,13,12,1.9987
976,50,1,4,TRUE (Compliant),13,12,13,12,1.9993
977,50,2,3,TRUE (Compliant),13,12,13,12,1.998
978,50,1,4,TRUE (Compliant),13,12,13,12,1.9988
979,50,1,7,TRUE (Compliant),13,12,13,12,1.9991
980,50,2,7,TRUE (Compliant),13,12,13,12,1.9985
981,50,1,1,TRUE (Compliant),13,12,13,12,1.9998
982,50,1,3,TRUE (Compliant),13,12,13,12,1.9995
983,50,1,7,TRUE (Compliant),13,12,13,12,1.9989
984,50,1,5,TRUE (Compliant),13,12,13,12,1.999
985,50,1,3,TRUE (Compliant),13,12,13,12,1.9987
986,50,1,6,TRUE (Compliant),13,12,13,12,1.998
987,50,1,3,TRUE (Compliant),13,12,13,12,1.9987
988,50,1,4,TRUE (Compliant),13,12,13,12,1.9987
989,50,1,2,TRUE (Compliant),13,12,13,12,1.9988
990,50,1,2,TRUE (Compliant),13,12,13,12,1.9989
991,50,1,3,TRUE (Compliant),13,12,13,12,1.9986
992,50,1,6,TRUE (Compliant),13,12,13,12,1.999
993,50,1,3,TRUE (Compliant),13,12,13,12,1.9997
994,50,2,4,TRUE (Compliant),13,12,13,12,1.9989
995,50,1,3,TRUE (Compliant),13,12,13,12,1.9984
996,50,1,3,TRUE (Compliant),13,12,13,12,1.9986
997,50,1,3,TRUE (Compliant),13,12,13,12,1.9992
998,50,1,2,TRUE (Compliant),13,12,13,12,1.9982
999,50,1,5,TRUE (Compliant),13,12,13,12,1.9988
1000,50,2,4,TRUE (Compliant),13,12,13,12,1.9989
1001,50,1,6,TRUE (Compliant),13,12,13,12,1.9985
1002,50,1,4,TRUE (Compliant),13,12,13,12,1.9985
1003,50,1,6,TRUE (Compliant),13,12,13,12,1.999
1004,50,1,3,TRUE (Compliant),13,12,13,12,1.9991
1005,50,1,1,TRUE (Compliant),13,12,13,12,1.999
1006,50,2,3,TRUE (Compliant),13,12,13,12,1.9985
1007,50,1,2,TRUE (Compliant),13,12,13,12,1.999
1008,50,1,3,TRUE (Compliant),13,12,13,12,1.9993
1009,50,1,2,TRUE (Compliant),13,12,13,12,1.9982
1010,50,1,5,TRUE (Compliant),13,12,13,12,1.9986
1011,50,1,4,TRUE (Compliant),13,12,13,12,1.9992
1012,50,1,2,TRUE (Compliant),13,12,13,12,1.9991
1013,50,2,3,TRUE (Compliant),13,12,13,12,1.9989
1014,50,1,3,TRUE (Compliant),13,12,13,12,1.9993
1015,50,1,4,TRUE (Compliant),13,12,13,12,1.9988
1016,50,1,1,TRUE (Compliant),13,12,13,12,1.9987
1017,50,1,3,TRUE (Compliant),13,12,13,12,1.9991
1018,50,1,3,TRUE (Compliant),13,12,13,12,1.9986
1019,50,1,7,TRUE (Compliant),13,12,13,12,1.9984
1020,50,1,3,TRUE (Compliant),13,12,13,12,1.9979
1021,50,1,5,TRUE (Compliant),13,12,13,12,1.999
1022,50,1,3,TRUE (Compliant),13,12,13,12,1.9986
1023,50,1,7,TRUE (Compliant),13,12,13,12,1.9985
1024,50,1,7,TRUE (Compliant),13,12,13,12,1.999
1025,50,1,5,TRUE (Compliant),13,12,13,12,1.9987
1026,50,1,3,TRUE (Compliant),13,12,13,12,1.9987
1027,50,1,4,TRUE (Compliant),13,12,13,12,1.9982
1028,50,1,4,TRUE (Compliant),13,12,13,12,1.9983
1029,50,1,4,TRUE (Compliant),13,12,13,12,1.9992
1030,50,1,4,TRUE (Compliant),13,12,13,12,1.9991
1031,50,1,4,TRUE (Compliant),13,12,13,12,1.9984
1032,50,2,4,TRUE (Compliant),13,12,13,12,1.9983
1033,50,1,2,TRUE (Compliant),13,12,13,12,1.9986
1034,50,2,3,TRUE (Compliant),13,12,13,12,1.9989
1035,50,2,7,TRUE (Compliant),13,12,13,12,1.9983
1036,50,1,4,TRUE (Compliant),13,12,13,12,1.999
1037,50,1,4,TRUE (Compliant),13,12,13,12,1.9991
1038,50,1,2,TRUE (Compliant),13,12,13,12,1.9989
1039,50,2,7,TRUE (Compliant),13,12,13,12,1.9992
1040,50,1,5,TRUE (Compliant),13,12,13,12,1.9991
1041,50,1,2,TRUE (Compliant),13,12,13,12,1.9997
1042,50,2,2,TRUE (Compliant),13,12,13,12,1.999
1043,50,1,4,TRUE (Compliant),13,12,13,12,1.9986
1044,50,1,3,TRUE (Compliant),13,12,13,12,1.9987
1045,50,1,3,TRUE (Compliant),13,12,13,12,1.9979
1046,50,1,4,TRUE (Compliant),13,12,13,12,1.9995
1047,50,2,5,TRUE (Compliant),13,12,13,12,1.999
1048,50,2,2,TRUE (Compliant),13,12,13,12,1.9993
1049,50,2,4,TRUE (Compliant),13,12,13,12,1.9986
1050,50,2,2,TRUE (Compliant),13,12,13,12,1.9988
1051,50,2,2,TRUE (Compliant),13,12,13,12,1.9987
1052,50,1,2,TRUE (Compliant),13,12,13,12,1.9994
1053,50,1,4,TRUE (Compliant),13,12,13,12,1.9986
1054,50,2,6,TRUE (Compliant),13,12,13,12,1.9983
1055,50,2,1,TRUE (Compliant),13,12,13,12,1.9983
1056,50,1,7,TRUE (Compliant),13,12,13,12,1.9986
1057,50,2,6,TRUE (Compliant),13,12,13,12,1.9988
1058,50,1,1,TRUE (Compliant),13,12,13,12,1.9992
1059,50,2,3,TRUE (Compliant),13,12,13,12,1.9987
1060,50,1,4,TRUE (Compliant),13,12,13,12,1.9982
1061,50,1,2,TRUE (Compliant),13,12,13,12,1.999
1062,50,1,5,TRUE (Compliant),13,12,13,12,1.9992
1063,50,2,2,TRUE (Compliant),13,12,13,12,1.9986
1064,50,1,3,TRUE (Compliant),13,12,13,12,1.9993
1065,50,1,3,TRUE (Compliant),13,12,13,12,1.9992
1066,50,1,2,TRUE (Compliant),13,12,13,12,1.9991
1067,50,1,4,TRUE (Compliant),13,12,13,12,1.9981
1068,50,1,6,TRUE (Compliant),13,12,13,12,1.9983
1069,50,1,3,TRUE (Compliant),13,12,13,12,1.9986
1070,50,1,6,TRUE (Compliant),13,12,13,12,1.9988
1071,50,1,5,TRUE (Compliant),13,12,13,12,1.9991
1072,50,2,1,TRUE (Compliant),13,12,13,12,1.9983
1073,50,2,7,TRUE (Compliant),13,12,13,12,1.9982
1074,50,1,4,TRUE (Compliant),13,12,13,12,1.9992
1075,50,1,7,TRUE (Compliant),13,12,13,12,1.9991
1076,50,1,2,TRUE (Compliant),13,12,13,12,1.9991
1077,50,1,2,TRUE (Compliant),13,12,13,12,1.9988
1078,50,1,3,TRUE (Compliant),13,12,13,12,1.9993
1079,50,1,6,TRUE (Compliant),13,12,13,12,1.999
1080,50,2,1,TRUE (Compliant),13,12,13,12,1.999
1081,50,1,1,TRUE (Compliant),13,12,13,12,1.9991
1082,50,2,6,TRUE (Compliant),13,12,13,12,1.999
1083,50,1,4,TRUE (Compliant),13,12,13,12,1.9992
1084,50,1,2,TRUE (Compliant),13,12,13,12,1.9994
1085,50,1,2,TRUE (Compliant),13,12,13,12,1.9988
1086,50,2,7,TRUE (Compliant),13,12,13,12,1.9986
1087,50,2,7,TRUE (Compliant),13,12,13,12,1.9989
1088,50,2,3,TRUE (Compliant),13,12,13,12,1.9985
1089,50,1,3,TRUE (Compliant),13,12,13,12,1.999
1090,50,1,6,TRUE (Compliant),13,12,13,12,1.9986
1091,50,1,3,TRUE (Compliant),13,12,13,12,1.9984
1092,50,1,3,TRUE (Compliant),13,12,13,12,1.999
1093,50,1,4,TRUE (Compliant),13,12,13,12,1.9989
1094,50,1,6,TRUE (Compliant),13,12,13,12,1.9994
1095,50,1,2,TRUE (Compliant),13,12,13,12,1.9993
1096,50,1,1,TRUE (Compliant),13,12,13,12,1.9991
1097,50,1,4,TRUE (Compliant),13,12,13,12,1.9985
1098,50,2,6,TRUE (Compliant),13,12,13,12,1.999
1099,50,2,3,TRUE (Compliant),13,12,13,12,1.9995
1100,50,1,4,TRUE (Compliant),13,12,13,12,1.9988
1101,50,1,4,TRUE (Compliant),13,12,13,12,1.9992
1102,50,1,2,TRUE (Compliant),13,12,13,12,1.9987
1103,50,2,2,TRUE (Compliant),13,12,13,12,1.9986
1104,50,2,3,TRUE (Compliant),13,12,13,12,1.9994
1105,50,2,4,TRUE (Compliant),13,12,13,12,1.9979
1106,50,1,1,TRUE (Compliant),13,12,13,12,1.9986
1107,50,1,3,TRUE (Compliant),13,12,13,12,1.9993
1108,50,1,1,TRUE (Compliant),13,12,13,12,1.9979
1109,50,1,3,TRUE (Compliant),13,12,13,12,1.999
1110,50,2,4,TRUE (Compliant),13,12,13,12,1.9984
1111,50,1,3,TRUE (Compliant),13,12,13,12,1.9986
1112,50,1,3,TRUE (Compliant),13,12,13,12,1.9988
1113,50,1,2,TRUE (Compliant),13,12,13,12,1.9988
1114,50,1,3,TRUE (Compliant),13,12,13,12,1.9987
1115,50,1,4,TRUE (Compliant),13,12,13,12,1.9987
1116,50,1,2,TRUE (Compliant),13,12,13,12,1.9986
1117,50,2,1,TRUE (Compliant),13,12,13,12,1.9989
1118,50,1,5,TRUE (Compliant),13,12,13,12,1.9994
1119,50,1,4,TRUE (Compliant),13,12,13,12,1.9988
1120,50,2,3,TRUE (Compliant),13,12,13,12,1.9984
1121,50,1,2,TRUE (Compliant),13,12,13,12,1.9985
1122,50,1,3,TRUE (Compliant),13,12,13,12,1.9979
1123,50,1,2,TRUE (Compliant),13,12,13,12,1.9985
1124,50,1,4,TRUE (Compliant),13,12,13,12,1.9983
1125,50,1,1,TRUE (Compliant),13,12,13,12,1.9983
1126,50,2,2,TRUE (Compliant),13,12,13,12,1.9987
1127,50,1,4,TRUE (Compliant),13,12,13,12,1.999
1128,50,1,1,TRUE (Compliant),13,12,13,12,1.9985
1129,50,2,7,TRUE (Compliant),13,12,13,12,1.9995
1130,50,2,5,TRUE (Compliant),13,12,13,12,1.9984
1131,50,1,3,TRUE (Compliant),13,12,13,12,1.9986
1132,50,1,4,TRUE (Compliant),13,12,13,12,1.9991
1133,50,2,2,TRUE (Compliant),13,12,13,12,1.999
1134,50,1,3,TRUE (Compliant),13,12,13,12,1.9993
1135,50,1,4,TRUE (Compliant),13,12,13,12,1.999
1136,50,1,3,TRUE (Compliant),13,12,13,12,1.9985
1137,50,1,6,TRUE (Compliant),13,12,13,12,1.9991
1138,50,1,3,TRUE (Compliant),13,12,13,12,1.9994
1139,50,1,2,TRUE (Compliant),13,12,13,12,1.999
1140,50,2,2,TRUE (Compliant),13,12,13,12,1.9988
1141,50,1,4,TRUE (Compliant),13,12,13,12,1.9981
1142,50,1,1,TRUE (Compliant),13,12,13,12,1.9987
1143,50,1,6,TRUE (Compliant),13,12,13,12,1.9985
1144,50,2,2,TRUE (Compliant),13,12,13,12,1.9983
1145,50,1,2,TRUE (Compliant),13,12,13,12,1.9993
1146,50,2,3,TRUE (Compliant),13,12,13,12,1.9991
1147,50,1,3,TRUE (Compliant),13,12,13,12,1.9984
1148,50,2,1,TRUE (Compliant),13,12,13,12,1.9996
1149,50,1,3,TRUE (Compliant),13,12,13,12,1.9978
1150,50,1,1,TRUE (Compliant),13,12,13,12,1.9987
1151,50,1,4,TRUE (Compliant),13,12,13,12,1.9987
1152,50,1,4,TRUE (Compliant),13,12,13,12,1.9992
1153,50,1,4,TRUE (Compliant),13,12,13,12,1.9989
1154,50,1,2,TRUE (Compliant),13,12,13,12,1.9995
1155,50,1,3,TRUE (Compliant),13,12,13,12,1.9989
1156,50,1,2,TRUE (Compliant),13,12,13,12,1.9992
1157,50,1,4,TRUE (Compliant),13,12,13,12,1.9978
1158,50,1,2,TRUE (Compliant),13,12,13,12,1.9978
1159,50,1,4,TRUE (Compliant),13,12,13,12,1.9982
1160,50,1,2,TRUE (Compliant),13,12,13,12,1.9988
1161,50,2,2,TRUE (Compliant),13,12,13,12,1.9993
1162,50,2,4,TRUE (Compliant),13,12,13,12,1.9987
1163,50,2,4,TRUE (Compliant),13,12,13,12,1.9988
1164,50,1,2,TRUE (Compliant),13,12,13,12,1.9986
1165,50,1,3,TRUE (Compliant),13,12,13,12,1.9986
1166,50,1,2,TRUE (Compliant),13,12,13,12,1.9986
1167,50,1,2,TRUE (Compliant),13,12,13,12,1.9982
1168,50,2,2,TRUE (Compliant),13,12,13,12,1.9992
1169,50,1,4,TRUE (Compliant),13,12,13,12,1.999
1170,50,1,4,TRUE (Compliant),13,12,13,12,1.9987
1171,50,1,3,TRUE (Compliant),13,12,13,12,1.9984
1172,50,1,4,TRUE (Compliant),13,12,13,12,1.9982
1173,50,1,1,TRUE (Compliant),13,12,13,12,1.9983
1174,50,1,1,TRUE (Compliant),13,12,13,12,1.9989
1175,50,1,4,TRUE (Compliant),13,12,13,12,1.9989
1176,50,1,2,TRUE (Compliant),13,12,13,12,1.9991
1177,50,2,5,TRUE (Compliant),13,12,13,12,1.9992
1178,50,1,4,TRUE (Compliant),13,12,13,12,1.9988
1179,50,1,4,TRUE (Compliant),13,12,13,12,1.9999
1180,50,1,2,TRUE (Compliant),13,12,13,12,1.9986
1181,50,1,6,TRUE (Compliant),13,12,13,12,1.9985
1182,50,1,3,TRUE (Compliant),13,12,13,12,1.9986
1183,50,2,3,TRUE (Compliant),13,12,13,12,1.999
1184,50,2,3,TRUE (Compliant),13,12,13,12,1.9985
1185,50,1,2,TRUE (Compliant),13,12,13,12,1.9987
1186,50,1,4,TRUE (Compliant),13,12,13,12,1.9979
1187,50,2,6,TRUE (Compliant),13,12,13,12,1.9986
1188,50,2,7,TRUE (Compliant),13,12,13,12,1.9995
1189,50,1,2,TRUE (Compliant),13,12,13,12,1.998
1190,50,1,3,TRUE (Compliant),13,12,13,12,1.9988
1191,50,1,6,TRUE (Compliant),13,12,13,12,1.9984
1192,50,2,5,TRUE (Compliant),13,12,13,12,1.9994
1193,50,1,2,TRUE (Compliant),13,12,13,12,1.9981
1194,50,2,4,TRUE (Compliant),13,12,13,12,1.9989
1195,50,2,3,TRUE (Compliant),13,12,13,12,1.9994
1196,50,1,2,TRUE (Compliant),13,12,13,12,1.9994
1197,50,1,3,TRUE (Compliant),13,12,13,12,1.9995
1198,50,1,3,TRUE (Compliant),13,12,13,12,1.9991
1199,50,1,2,TRUE (Compliant),13,12,13,12,1.9988
1200,50,2,3,TRUE (Compliant),13,12,13,12,1.9979
1201,50,2,2,TRUE (Compliant),13,12,13,12,1.9989
1202,50,1,3,TRUE (Compliant),13,12,13,12,1.9983
1203,50,1,7,TRUE (Compliant),13,12,13,12,1.9992
1204,50,1,6,TRUE (Compliant),13,12,13,12,1.9992
1205,50,1,2,TRUE (Compliant),13,12,13,12,1.9988
1206,50,1,4,TRUE (Compliant),13,12,13,12,1.9988
1207,50,1,2,TRUE (Compliant),13,12,13,12,1.9992
1208,50,1,4,TRUE (Compliant),13,12,13,12,1.9982
1209,50,1,3,TRUE (Compliant),13,12,13,12,1.9983
1210,50,1,4,TRUE (Compliant),13,12,13,12,1.9987
1211,50,1,3,TRUE (Compliant),13,12,13,12,1.9976
1212,50,2,2,TRUE (Compliant),13,12,13,12,1.9994
1213,50,1,3,TRUE (Compliant),13,12,13,12,1.999
1214,50,1,3,TRUE (Compliant),13,12,13,12,1.9989
1215,50,1,3,TRUE (Compliant),13,12,13,12,1.999
1216,50,2,3,TRUE (Compliant),13,12,13,12,1.9984
1217,50,1,5,TRUE (Compliant),13,12,13,12,1.9985
1218,50,1,6,TRUE (Compliant),13,12,13,12,1.9986
1219,50,1,3,TRUE (Compliant),13,12,13,12,1.999
1220,50,1,2,TRUE (Compliant),13,12,13,12,1.9989
1221,50,1,2,TRUE (Compliant),13,12,13,12,1.9988
1222,50,1,2,TRUE (Compliant),13,12,13,12,1.9992
1223,50,1,3,TRUE (Compliant),13,12,13,12,1.9991
1224,50,1,3,TRUE (Compliant),13,12,13,12,1.9992
1225,50,1,3,TRUE (Compliant),13,12,13,12,1.9989
1226,50,1,6,TRUE (Compliant),13,12,13,12,1.9983
1227,50,2,1,TRUE (Compliant),13,12,13,12,1.9993
1228,50,1,3,TRUE (Compliant),13,12,13,12,1.999
1229,50,2,2,TRUE (Compliant),13,12,13,12,1.999
1230,50,2,3,TRUE (Compliant),13,12,13,12,1.9997
1231,50,1,1,TRUE (Compliant),13,12,13,12,1.9989
1232,50,2,3,TRUE (Compliant),13,12,13,12,1.9991
1233,50,1,3,TRUE (Compliant),13,12,13,12,1.9992
1234,50,1,7,TRUE (Compliant),13,12,13,12,1.9988
1235,50,1,2,TRUE (Compliant),13,12,13,12,1.9989
1236,50,1,5,TRUE (Compliant),13,12,13,12,1.9991
1237,50,1,6,TRUE (Compliant),13,12,13,12,1.9983
1238,50,1,4,TRUE (Compliant),13,12,13,12,1.9984
1239,50,1,3,TRUE (Compliant),13,12,13,12,1.9988
1240,50,2,5,TRUE (Compliant),13,12,13,12,1.9989
1241,50,2,5,TRUE (Compliant),13,12,13,12,1.9988
1242,50,2,4,TRUE (Compliant),13,12,13,12,1.9986
1243,50,2,2,TRUE (Compliant),13,12,13,12,1.9987
1244,50,1,5,TRUE (Compliant),13,12,13,12,1.9991
1245,50,1,3,TRUE (Compliant),13,12,13,12,1.9991
1246,50,2,4,TRUE (Compliant),13,12,13,12,1.999
1247,50,2,3,TRUE (Compliant),13,12,13,12,1.9987
1248,50,1,4,TRUE (Compliant),13,12,13,12,1.9983
1249,50,2,6,TRUE (Compliant),13,12,13,12,1.9987
1250,50,1,4,TRUE (Compliant),13,12,13,12,1.9984
1251,50,1,7,TRUE (Compliant),13,12,13,12,1.9986
1252,50,1,3,TRUE (Compliant),13,12,13,12,1.9976
1253,50,2,3,TRUE (Compliant),13,12,13,12,1.999
1254,50,1,1,TRUE (Compliant),13,12,13,12,1.9996
1255,50,1,3,TRUE (Compliant),13,12,13,12,1.9985
1256,50,1,4,TRUE (Compliant),13,12,13,12,1.9987
1257,50,1,5,TRUE (Compliant),13,12,13,12,1.9991
1258,50,1,4,TRUE (Compliant),13,12,13,12,1.9993
1259,50,1,3,TRUE (Compliant),13,12,13,12,1.999
1260,50,2,2,TRUE (Compliant),13,12,13,12,1.9981
1261,50,1,4,TRUE (Compliant),13,12,13,12,1.9987
1262,50,2,4,TRUE (Compliant),13,12,13,12,1.9985
1263,50,2,3,TRUE (Compliant),13,12,13,12,1.9986
1264,50,2,2,TRUE (Compliant),13,12,13,12,1.9989
1265,50,1,4,TRUE (Compliant),13,12,13,12,1.9988
1266,50,1,1,TRUE (Compliant),13,12,13,12,1.9983
1267,50,1,4,TRUE (Compliant),13,12,13,12,1.9994
1268,50,1,3,TRUE (Compliant),13,12,13,12,1.9994
1269,50,1,4,TRUE (Compliant),13,12,13,12,1.9987
1270,50,1,2,TRUE (Compliant),13,12,13,12,1.9993
1271,50,2,6,TRUE (Compliant),13,12,13,12,1.999
1272,50,1,2,TRUE (Compliant),13,12,13,12,1.9988
1273,50,1,1,TRUE (Compliant),13,12,13,12,1.9989
1274,50,1,3,TRUE (Compliant),13,12,13,12,2.0005
1275,50,1,2,TRUE (Compliant),13,12,13,12,1.9986
1276,50,2,4,TRUE (Compliant),13,12,13,12,1.9986
1277,50,1,1,TRUE (Compliant),13,12,13,12,1.9991
1278,50,2,2,TRUE (Compliant),13,12,13,12,1.999
1279,50,2,5,TRUE (Compliant),13,12,13,12,1.9988
1280,50,1,5,TRUE (Compliant),13,12,13,12,1.9992
1281,50,2,7,TRUE (Compliant),13,12,13,12,1.999
1282,50,1,6,TRUE (Compliant),13,12,13,12,1.9993
1283,50,1,2,TRUE (Compliant),13,12,13,12,1.9987
1284,50,1,7,TRUE (Compliant),13,12,13,12,1.9989
1285,50,1,3,TRUE (Compliant),13,12,13,12,1.9985
1286,50,1,2,TRUE (Compliant),13,12,13,12,1.9997
1287,50,1,2,TRUE (Compliant),13,12,13,12,1.9984
1288,50,2,3,TRUE (Compliant),13,12,13,12,1.999
1289,50,2,4,TRUE (Compliant),13,12,13,12,1.9986
1290,50,2,3,TRUE (Compliant),13,12,13,12,1.998
1291,50,1,4,TRUE (Compliant),13,12,13,12,1.9989
1292,50,2,3,TRUE (Compliant),13,12,13,12,1.9989
1293,50,2,3,TRUE (Compliant),13,12,13,12,1.9993
1294,50,2,3,TRUE (Compliant),13,12,13,12,1.9985
1295,50,1,4,TRUE (Compliant),13,12,13,12,1.9994
1296,50,1,2,TRUE (Compliant),13,12,13,12,1.9991
1297,50,1,2,TRUE (Compliant),13,12,13,12,1.9992
1298,50,1,7,TRUE (Compliant),13,12,13,12,1.999
1299,50,2,2,TRUE (Compliant),13,12,13,12,1.999
1300,50,1,4,TRUE (Compliant),13,12,13,12,1.9995
1301,50,2,3,TRUE (Compliant),13,12,13,12,1.9991
1302,50,1,2,TRUE (Compliant),13,12,13,12,1.9995
1303,50,2,4,TRUE (Compliant),13,12,13,12,1.9985
1304,50,2,1,TRUE (Compliant),13,12,13,12,1.9985
1305,50,1,3,TRUE (Compliant),13,12,13,12,1.999
1306,50,1,2,TRUE (Compliant),13,12,13,12,1.9985
1307,50,2,4,TRUE (Compliant),13,12,13,12,1.9987
1308,50,1,4,TRUE (Compliant),13,12,13,12,1.9989
1309,50,2,2,TRUE (Compliant),13,12,13,12,1.9992
1310,50,1,2,TRUE (Compliant),13,12,13,12,1.9986
1311,50,1,4,TRUE (Compliant),13,12,13,12,1.999
1312,50,2,3,TRUE (Compliant),13,12,13,12,1.9986
1313,50,1,4,TRUE (Compliant),13,12,13,12,1.9985
1314,50,2,2,TRUE (Compliant),13,12,13,12,1.9983
1315,50,2,4,TRUE (Compliant),13,12,13,12,1.9989
1316,50,1,2,TRUE (Compliant),13,12,13,12,1.9979
1317,50,1,1,TRUE (Compliant),13,12,13,12,1.9983
1318,50,1,2,TRUE (Compliant),13,12,13,12,1.9996
1319,50,1,2,TRUE (Compliant),13,12,13,12,1.9989
1320,50,1,4,TRUE (Compliant),13,12,13,12,1.998
1321,50,2,4,TRUE (Compliant),13,12,13,12,1.9992
1322,50,2,2,TRUE (Compliant),13,12,13,12,1.9985
1323,50,1,7,TRUE (Compliant),13,12,13,12,1.9997
1324,50,1,5,TRUE (Compliant),13,12,13,12,1.9983
1325,50,1,2,TRUE (Compliant),13,12,13,12,1.9994
1326,50,1,3,TRUE (Compliant),13,12,13,12,1.9993
1327,50,1,2,TRUE (Compliant),13,12,13,12,1.999
1328,50,2,3,TRUE (Compliant),13,12,13,12,1.9987
1329,50,2,3,TRUE (Compliant),13,12,13,12,1.9982
1330,50,1,5,TRUE (Compliant),13,12,13,12,1.9986
1331,50,1,3,TRUE (Compliant),13,12,13,12,1.999
1332,50,1,3,TRUE (Compliant),13,12,13,12,1.9989
1333,50,1,5,TRUE (Compliant),13,12,13,12,1.9993
1334,50,1,6,TRUE (Compliant),13,12,13,12,1.9985
1335,50,1,2,TRUE (Compliant),13,12,13,12,1.9988
1336,50,2,4,TRUE (Compliant),13,12,13,12,1.9983
1337,50,2,7,TRUE (Compliant),13,12,13,12,1.9995
1338,50,1,2,TRUE (Compliant),13,12,13,12,1.9987
1339,50,2,4,TRUE (Compliant),13,12,13,12,1.9988
1340,50,1,3,TRUE (Compliant),13,12,13,12,1.9983
1341,50,2,3,TRUE (Compliant),13,12,13,12,1.999
1342,50,1,1,TRUE (Compliant),13,12,13,12,1.9991
1343,50,1,3,TRUE (Compliant),13,12,13,12,1.9986
1344,50,1,2,TRUE (Compliant),13,12,13,12,1.9993
1345,50,1,2,TRUE (Compliant),13,12,13,12,1.9986
1346,50,2,2,TRUE (Compliant),13,12,13,12,1.9987
1347,50,1,6,TRUE (Compliant),13,12,13,12,1.9995
1348,50,1,4,TRUE (Compliant),13,12,13,12,1.9987
1349,50,2,4,TRUE (Compliant),13,12,13,12,1.998
1350,50,2,2,TRUE (Compliant),13,12,13,12,1.9993
1351,50,1,2,TRUE (Compliant),13,12,13,12,1.9986
1352,50,2,3,TRUE (Compliant),13,12,13,12,1.9992
1353,50,2,3,TRUE (Compliant),13,12,13,12,1.9987
1354,50,2,7,TRUE (Compliant),13,12,13,12,1.9986
1355,50,1,1,TRUE (Compliant),13,12,13,12,1.999
1356,50,1,2,TRUE (Compliant),13,12,13,12,1.9992
1357,50,1,2,TRUE (Compliant),13,12,13,12,1.999
1358,50,1,5,TRUE (Compliant),13,12,13,12,1.9993
1359,50,1,7,TRUE (Compliant),13,12,13,12,1.9981
1360,50,1,4,TRUE (Compliant),13,12,13,12,1.9988
1361,50,1,4,TRUE (Compliant),13,12,13,12,1.9989
1362,50,1,2,TRUE (Compliant),13,12,13,12,1.998
1363,50,2,3,TRUE (Compliant),13,12,13,12,1.9988
1364,50,1,3,TRUE (Compliant),13,12,13,12,1.9985
1365,50,1,5,TRUE (Compliant),13,12,13,12,1.999
1366,50,2,4,TRUE (Compliant),13,12,13,12,1.9994
1367,50,1,5,TRUE (Compliant),13,12,13,12,1.9999
1368,50,2,3,TRUE (Compliant),13,12,13,12,1.9993
1369,50,1,3,TRUE (Compliant),13,12,13,12,1.9988
1370,50,2,1,TRUE (Compliant),13,12,13,12,1.9988
1371,50,2,4,TRUE (Compliant),13,12,13,12,1.9988
1372,50,1,2,TRUE (Compliant),13,12,13,12,1.9986
1373,50,1,3,TRUE (Compliant),13,12,13,12,1.9988
1374,50,2,1,TRUE (Compliant),13,12,13,12,1.9984
1375,50,1,7,TRUE (Compliant),13,12,13,12,1.9985
1376,50,1,3,TRUE (Compliant),13,12,13,12,1.9985
1377,50,2,3,TRUE (Compliant),13,12,13,12,1.9986
1378,50,2,2,TRUE (Compliant),13,12,13,12,1.9982
1379,50,2,2,TRUE (Compliant),13,12,13,12,1.9985
1380,50,1,4,TRUE (Compliant),13,12,13,12,1.9985
1381,50,1,2,TRUE (Compliant),13,12,13,12,1.9985
1382,50,1,3,TRUE (Compliant),13,12,13,12,1.9993
1383,50,1,2,TRUE (Compliant),13,12,13,12,1.9989
1384,50,1,4,TRUE (Compliant),13,12,13,12,1.9991
1385,50,1,3,TRUE (Compliant),13,12,13,12,1.9988
1386,50,1,3,TRUE (Compliant),13,12,13,12,1.9984
1387,50,2,4,TRUE (Compliant),13,12,13,12,1.999
1388,50,1,3,TRUE (Compliant),13,12,13,12,1.999
1389,50,1,5,TRUE (Compliant),13,12,13,12,1.9987
1390,50,1,2,TRUE (Compliant),13,12,13,12,1.9986
1391,50,1,2,TRUE (Compliant),13,12,13,12,1.9985
1392,50,1,4,TRUE (Compliant),13,12,13,12,1.9984
1393,50,1,7,TRUE (Compliant),13,12,13,12,1.998
1394,50,1,1,TRUE (Compliant),13,12,13,12,1.9987
1395,50,2,2,TRUE (Compliant),13,12,13,12,1.999
1396,50,1,2,TRUE (Compliant),13,12,13,12,1.9983
1397,50,1,4,TRUE (Compliant),13,12,13,12,1.9991
1398,50,1,2,TRUE (Compliant),13,12,13,12,1.9982
1399,50,1,3,TRUE (Compliant),13,12,13,12,1.9986
1400,50,1,2,TRUE (Compliant),13,12,13,12,1.9985
1401,50,2,4,TRUE (Compliant),13,12,13,12,1.9987
1402,50,1,4,TRUE (Compliant),13,12,13,12,1.9986
1403,50,1,1,TRUE (Compliant),13,12,13,12,2.0001
1404,50,1,4,TRUE (Compliant),13,12,13,12,1.9992
1405,50,1,4,TRUE (Compliant),13,12,13,12,1.9984
1406,50,1,3,TRUE (Compliant),13,12,13,12,1.9984
1407,50,1,5,TRUE (Compliant),13,12,13,12,1.9988
1408,50,1,4,TRUE (Compliant),13,12,13,12,1.9987
1409,50,1,1,TRUE (Compliant),13,12,13,12,1.9984
1410,50,1,3,TRUE (Compliant),13,12,13,12,1.9992
1411,50,1,3,TRUE (Compliant),13,12,13,12,1.9987
1412,50,1,4,TRUE (Compliant),13,12,13,12,1.9988
1413,50,1,5,TRUE (Compliant),13,12,13,12,1.9985
1414,50,1,4,TRUE (Compliant),13,12,13,12,1.9991
1415,50,2,4,TRUE (Compliant),13,12,13,12,1.9992
1416,50,1,2,TRUE (Compliant),13,12,13,12,1.9984
1417,50,1,3,TRUE (Compliant),13,12,13,12,1.9983
1418,50,1,4,TRUE (Compliant),13,12,13,12,1.9991
1419,50,1,3,TRUE (Compliant),13,12,13,12,1.999
1420,50,1,1,TRUE (Compliant),13,12,13,12,1.9986
1421,50,2,6,TRUE (Compliant),13,12,13,12,1.9987
1422,50,1,4,TRUE (Compliant),13,12,13,12,1.9996
1423,50,2,4,TRUE (Compliant),13,12,13,12,1.999
1424,50,1,3,TRUE (Compliant),13,12,13,12,1.9983
1425,50,2,2,TRUE (Compliant),13,12,13,12,1.9987
1426,50,2,3,TRUE (Compliant),13,12,13,12,1.999
1427,50,1,4,TRUE (Compliant),13,12,13,12,1.9988
1428,50,1,4,TRUE (Compliant),13,12,13,12,1.9994
1429,50,2,4,TRUE (Compliant),13,12,13,12,1.9992
1430,50,1,3,TRUE (Compliant),13,12,13,12,1.999
1431,50,1,2,TRUE (Compliant),13,12,13,12,1.9987
1432,50,1,3,TRUE (Compliant),13,12,13,12,1.9986
1433,50,1,4,TRUE (Compliant),13,12,13,12,1.9992
1434,50,1,5,TRUE (Compliant),13,12,13,12,1.9982
1435,50,1,1,TRUE (Compliant),13,12,13,12,1.9989
1436,50,1,6,TRUE (Compliant),13,12,13,12,1.9989
1437,50,1,2,TRUE (Compliant),13,12,13,12,1.9985
1438,50,2,5,TRUE (Compliant),13,12,13,12,1.9984
1439,50,1,3,TRUE (Compliant),13,12,13,12,1.9984
1440,50,2,3,TRUE (Compliant),13,12,13,12,1.9987
1441,50,1,7,TRUE (Compliant),13,12,13,12,1.9987
1442,50,1,3,TRUE (Compliant),13,12,13,12,1.999
1443,50,1,2,TRUE (Compliant),13,12,13,12,1.9996
1444,50,1,3,TRUE (Compliant),13,12,13,12,1.9987
1445,50,1,4,TRUE (Compliant),13,12,13,12,1.9992
1446,50,1,5,TRUE (Compliant),13,12,13,12,1.9983
1447,50,1,3,TRUE (Compliant),13,12,13,12,1.9986
1448,50,1,5,TRUE (Compliant),13,12,13,12,1.9991
1449,50,1,3,TRUE (Compliant),13,12,13,12,1.9984
1450,50,2,1,TRUE (Compliant),13,12,13,12,1.9991
1451,50,2,3,TRUE (Compliant),13,12,13,12,1.999
1452,50,1,6,TRUE (Compliant),13,12,13,12,1.9993
1453,50,2,2,TRUE (Compliant),13,12,13,12,1.9983
1454,50,1,2,TRUE (Compliant),13,12,13,12,1.999
1455,50,1,7,TRUE (Compliant),13,12,13,12,1.999
1456,50,1,1,TRUE (Compliant),13,12,13,12,1.9983
1457,50,2,7,TRUE (Compliant),13,12,13,12,1.9989
1458,50,1,4,TRUE (Compliant),13,12,13,12,1.9997
1459,50,1,5,TRUE (Compliant),13,12,13,12,1.9992
1460,50,2,2,TRUE (Compliant),13,12,13,12,2.0
1461,50,1,7,TRUE (Compliant),13,12,13,12,1.9988
1462,50,1,2,TRUE (Compliant),13,12,13,12,1.9984
1463,50,1,4,TRUE (Compliant),13,12,13,12,1.999
1464,50,1,4,TRUE (Compliant),13,12,13,12,1.999
1465,50,1,3,TRUE (Compliant),13,12,13,12,1.9989
1466,50,2,1,TRUE (Compliant),13,12,13,12,1.9986
1467,50,1,4,TRUE (Compliant),13,12,13,12,1.9997
1468,50,2,3,TRUE (Compliant),13,12,13,12,1.9986
1469,50,2,4,TRUE (Compliant),13,12,13,12,1.999
1470,50,2,4,TRUE (Compliant),13,12,13,12,1.9988
1471,50,2,4,TRUE (Compliant),13,12,13,12,1.999
1472,50,1,4,TRUE (Compliant),13,12,13,12,1.9987
1473,50,1,5,TRUE (Compliant),13,12,13,12,1.9985
1474,50,1,3,TRUE (Compliant),13,12,13,12,1.9984
1475,50,1,5,TRUE (Compliant),13,12,13,12,1.9985
1476,50,1,4,TRUE (Compliant),13,12,13,12,1.9991
1477,50,1,4,TRUE (Compliant),13,12,13,12,1.9982
1478,50,1,4,TRUE (Compliant),13,12,13,12,1.9991
1479,50,1,2,TRUE (Compliant),13,12,13,12,1.9985
1480,50,1,5,TRUE (Compliant),13,12,13,12,1.9986
1481,50,1,3,TRUE (Compliant),13,12,13,12,1.9988
1482,50,1,7,TRUE (Compliant),13,12,13,12,1.9987
1483,50,2,4,TRUE (Compliant),13,12,13,12,1.9986
1484,50,1,2,TRUE (Compliant),13,12,13,12,1.9989
1485,50,2,4,TRUE (Compliant),13,12,13,12,1.9988
1486,50,1,5,TRUE (Compliant),13,12,13,12,1.999
1487,50,1,4,TRUE (Compliant),13,12,13,12,1.9986
1488,50,1,2,TRUE (Compliant),13,12,13,12,1.9988
1489,50,2,3,TRUE (Compliant),13,12,13,12,1.9982
1490,50,1,1,TRUE (Compliant),13,12,13,12,1.9988
1491,50,1,3,TRUE (Compliant),13,12,13,12,1.9986
1492,50,1,2,TRUE (Compliant),13,12,13,12,1.9987
1493,50,1,3,TRUE (Compliant),13,12,13,12,1.9984
1494,50,1,4,TRUE (Compliant),13,12,13,12,1.9984
1495,50,1,7,TRUE (Compliant),13,12,13,12,1.999
1496,50,1,1,TRUE (Compliant),13,12,13,12,1.9996
1497,50,2,3,TRUE (Compliant),13,12,13,12,1.9992
1498,50,1,3,TRUE (Compliant),13,12,13,12,1.9994
1499,50,1,3,TRUE (Compliant),13,12,13,12,1.9992
1500,50,1,4,TRUE (Compliant),13,12,13,12,1.999
1501,50,1,4,TRUE (Compliant),13,12,13,12,1.9977
1502,50,1,3,TRUE (Compliant),13,12,13,12,1.9984
1503,50,1,3,TRUE (Compliant),13,12,13,12,1.9978
1504,50,1,7,TRUE (Compliant),13,12,13,12,1.9984
1505,50,1,6,TRUE (Compliant),13,12,13,12,1.9987
1506,50,2,5,TRUE (Compliant),13,12,13,12,1.9988
1507,50,1,3,TRUE (Compliant),13,12,13,12,1.9983
1508,50,2,4,TRUE (Compliant),13,12,13,12,1.9988
1509,50,1,3,TRUE (Compliant),13,12,13,12,1.9992
1510,50,1,7,TRUE (Compliant),13,12,13,12,1.9983
1511,50,1,2,TRUE (Compliant),13,12,13,12,1.9993
1512,50,1,1,TRUE (Compliant),13,12,13,12,1.9993
1513,50,1,2,TRUE (Compliant),13,12,13,12,1.9978
1514,50,2,4,TRUE (Compliant),13,12,13,12,1.9988
1515,50,2,1,TRUE (Compliant),13,12,13,12,1.9985
1516,50,1,4,TRUE (Compliant),13,12,13,12,1.9987
1517,50,1,3,TRUE (Compliant),13,12,13,12,1.9996
1518,50,1,3,TRUE (Compliant),13,12,13,12,1.9992
1519,50,2,2,TRUE (Compliant),13,12,13,12,1.9988
1520,50,2,5,TRUE (Compliant),13,12,13,12,1.999
1521,50,1,4,TRUE (Compliant),13,12,13,12,1.998
1522,50,2,4,TRUE (Compliant),13,12,13,12,1.999
1523,50,2,7,TRUE (Compliant),13,12,13,12,1.999
1524,50,1,7,TRUE (Compliant),13,12,13,12,1.9985
1525,50,1,2,TRUE (Compliant),13,12,13,12,1.9993
1526,50,1,2,TRUE (Compliant),13,12,13,12,1.9987
1527,50,2,2,TRUE (Compliant),13,12,13,12,1.9987
1528,50,1,3,TRUE (Compliant),13,12,13,12,1.9993
1529,50,2,3,TRUE (Compliant),13,12,13,12,1.999
1530,50,1,3,TRUE (Compliant),13,12,13,12,1.9988
1531,50,2,3,TRUE (Compliant),13,12,13,12,1.9993
1532,50,2,4,TRUE (Compliant),13,12,13,12,1.9986
1533,50,2,7,TRUE (Compliant),13,12,13,12,1.9989
1534,50,2,2,TRUE (Compliant),13,12,13,12,1.9989
1535,50,1,3,TRUE (Compliant),13,12,13,12,1.9998
1536,50,1,3,TRUE (Compliant),13,12,13,12,1.9989
1537,50,1,5,TRUE (Compliant),13,12,13,12,1.9987
1538,50,1,3,TRUE (Compliant),13,12,13,12,1.9988
1539,50,1,2,TRUE (Compliant),13,12,13,12,1.9988
1540,50,1,2,TRUE (Compliant),13,12,13,12,1.9988
1541,50,1,4,TRUE (Compliant),13,12,13,12,1.9993
1542,50,1,2,TRUE (Compliant),13,12,13,12,1.9985
1543,50,2,6,TRUE (Compliant),13,12,13,12,1.9984
1544,50,1,7,TRUE (Compliant),13,12,13,12,1.9992
1545,50,1,7,TRUE (Compliant),13,12,13,12,1.999
1546,50,2,4,TRUE (Compliant),13,12,13,12,1.9983
1547,50,1,3,TRUE (Compliant),13,12,13,12,1.9985
1548,50,1,4,TRUE (Compliant),13,12,13,12,1.9985
1549,50,1,5,TRUE (Compliant),13,12,13,12,1.9979
1550,50,1,4,TRUE (Compliant),13,12,13,12,1.9996
1551,50,2,4,TRUE (Compliant),13,12,13,12,1.999
1552,50,2,7,TRUE (Compliant),13,12,13,12,1.9991
1553,50,1,5,TRUE (Compliant),13,12,13,12,1.9983
1554,50,1,3,TRUE (Compliant),13,12,13,12,1.9988
1555,50,1,7,TRUE (Compliant),13,12,13,12,1.9991
1556,50,2,4,TRUE (Compliant),13,12,13,12,1.9988
1557,50,1,7,TRUE (Compliant),13,12,13,12,1.9991
1558,50,2,2,TRUE (Compliant),13,12,13,12,1.9977
1559,50,2,4,TRUE (Compliant),13,12,13,12,1.9977
1560,50,2,1,TRUE (Compliant),13,12,13,12,1.999
1561,50,2,2,TRUE (Compliant),13,12,13,12,1.9988
1562,50,1,4,TRUE (Compliant),13,12,13,12,1.9985
1563,50,2,1,TRUE (Compliant),13,12,13,12,1.9987
1564,50,1,4,TRUE (Compliant),13,12,13,12,1.9986
1565,50,1,2,TRUE (Compliant),13,12,13,12,1.9991
1566,50,1,6,TRUE (Compliant),13,12,13,12,1.9991
1567,50,1,4,TRUE (Compliant),13,12,13,12,1.9989
1568,50,1,4,TRUE (Compliant),13,12,13,12,1.9986
1569,50,1,3,TRUE (Compliant),13,12,13,12,1.9986
1570,50,2,4,TRUE (Compliant),13,12,13,12,1.9985
1571,50,1,2,TRUE (Compliant),13,12,13,12,1.9982
1572,50,1,1,TRUE (Compliant),13,12,13,12,1.9984
1573,50,1,2,TRUE (Compliant),13,12,13,12,1.9987
1574,50,1,4,TRUE (Compliant),13,12,13,12,1.9992
1575,50,1,3,TRUE (Compliant),13,12,13,12,1.9986
1576,50,1,5,TRUE (Compliant),13,12,13,12,1.9984
1577,50,2,4,TRUE (Compliant),13,12,13,12,1.9991
1578,50,1,6,TRUE (Compliant),13,12,13,12,1.9994
1579,50,2,3,TRUE (Compliant),13,12,13,12,1.9986
1580,50,1,2,TRUE (Compliant),13,12,13,12,1.999
1581,50,1,2,TRUE (Compliant),13,12,13,12,1.9994
1582,50,1,3,TRUE (Compliant),13,12,13,12,1.9991
1583,50,2,2,TRUE (Compliant),13,12,13,12,1.9989
1584,50,1,2,TRUE (Compliant),13,12,13,12,1.9995
1585,50,1,4,TRUE (Compliant),13,12,13,12,1.9984
1586,50,1,3,TRUE (Compliant),13,12,13,12,1.9972
1587,50,2,5,TRUE (Compliant),13,12,13,12,1.9987
1588,50,1,4,TRUE (Compliant),13,12,13,12,1.9989
1589,50,1,4,TRUE (Compliant),13,12,13,12,1.9985
1590,50,1,3,TRUE (Compliant),13,12,13,12,1.9994
1591,50,1,1,TRUE (Compliant),13,12,13,12,1.9998
1592,50,1,3,TRUE (Compliant),13,12,13,12,1.999
1593,50,1,6,TRUE (Compliant),13,12,13,12,1.9987
1594,50,1,3,TRUE (Compliant),13,12,13,12,1.9984
1595,50,2,4,TRUE (Compliant),13,12,13,12,1.9995
1596,50,1,2,TRUE (Compliant),13,12,13,12,1.9984
1597,50,1,2,TRUE (Compliant),13,12,13,12,1.9991
1598,50,1,3,TRUE (Compliant),13,12,13,12,1.9989
1599,50,1,4,TRUE (Compliant),13,12,13,12,1.9983
1600,50,1,7,TRUE (Compliant),13,12,13,12,1.9989
1601,50,1,2,TRUE (Compliant),13,12,13,12,1.9989
1602,50,1,5,TRUE (Compliant),13,12,13,12,1.9986
1603,50,1,3,TRUE (Compliant),13,12,13,12,1.999
1604,50,2,4,TRUE (Compliant),13,12,13,12,1.9987
1605,50,2,3,TRUE (Compliant),13,12,13,12,1.9982
1606,50,1,3,TRUE (Compliant),13,12,13,12,1.9989
1607,50,1,2,TRUE (Compliant),13,12,13,12,1.9993
1608,50,2,5,TRUE (Compliant),13,12,13,12,1.9987
1609,50,1,2,TRUE (Compliant),13,12,13,12,1.9988
1610,50,1,3,TRUE (Compliant),13,12,13,12,1.9993
1611,50,2,3,TRUE (Compliant),13,12,13,12,1.9992
1612,50,2,3,TRUE (Compliant),13,12,13,12,1.9985
1613,50,1,3,TRUE (Compliant),13,12,13,12,1.9997
1614,50,1,3,TRUE (Compliant),13,12,13,12,1.9987
1615,50,2,1,TRUE (Compliant),13,12,13,12,1.9995
1616,50,2,3,TRUE (Compliant),13,12,13,12,1.9988
1617,50,1,4,TRUE (Compliant),13,12,13,12,1.999
1618,50,1,1,TRUE (Compliant),13,12,13,12,1.9988
1619,50,1,6,TRUE (Compliant),13,12,13,12,1.9991
1620,50,1,2,TRUE (Compliant),13,12,13,12,1.9992
1621,50,1,5,TRUE (Compliant),13,12,13,12,1.9993
1622,50,1,4,TRUE (Compliant),13,12,13,12,1.9987
1623,50,1,4,TRUE (Compliant),13,12,13,12,1.9988
1624,50,1,2,TRUE (Compliant),13,12,13,12,1.9981
1625,50,1,7,TRUE (Compliant),13,12,13,12,1.9989
1626,50,2,6,TRUE (Compliant),13,12,13,12,1.9988
1627,50,1,7,TRUE (Compliant),13,12,13,12,1.999
1628,50,1,6,TRUE (Compliant),13,12,13,12,1.9988
1629,50,1,3,TRUE (Compliant),13,12,13,12,1.9992
1630,50,1,5,TRUE (Compliant),13,12,13,12,1.9991
1631,50,2,2,TRUE (Compliant),13,12,13,12,1.9999
1632,50,1,4,TRUE (Compliant),13,12,13,12,1.9986
1633,50,1,6,TRUE (Compliant),13,12,13,12,1.9988
1634,50,1,3,TRUE (Compliant),13,12,13,12,1.9993
1635,50,1,4,TRUE (Compliant),13,12,13,12,1.9988
1636,50,2,2,TRUE (Compliant),13,12,13,12,1.9992
1637,50,1,3,TRUE (Compliant),13,12,13,12,1.9992
1638,50,2,7,TRUE (Compliant),13,12,13,12,1.9986
1639,50,1,5,TRUE (Compliant),13,12,13,12,1.9989
1640,50,1,5,TRUE (Compliant),13,12,13,12,1.9992
1641,50,2,3,TRUE (Compliant),13,12,13,12,1.9989
1642,50,2,1,TRUE (Compliant),13,12,13,12,1.9993
1643,50,1,2,TRUE (Compliant),13,12,13,12,1.9991
1644,50,1,4,TRUE (Compliant),13,12,13,12,1.9991
1645,50,1,2,TRUE (Compliant),13,12,13,12,1.999
1646,50,1,2,TRUE (Compliant),13,12,13,12,1.9984
1647,50,1,4,TRUE (Compliant),13,12,13,12,1.9989
1648,50,1,1,TRUE (Compliant),13,12,13,12,1.9984
1649,50,1,2,TRUE (Compliant),13,12,13,12,1.9989
1650,50,1,1,TRUE (Compliant),13,12,13,12,1.999
1651,50,2,3,TRUE (Compliant),13,12,13,12,1.9988
1652,50,1,1,TRUE (Compliant),13,12,13,12,1.9984
1653,50,1,5,TRUE (Compliant),13,12,13,12,1.9981
1654,50,2,6,TRUE (Compliant),13,12,13,12,1.9985
1655,50,1,2,TRUE (Compliant),13,12,13,12,1.9983
1656,50,1,1,TRUE (Compliant),13,12,13,12,1.9985
1657,50,1,1,TRUE (Compliant),13,12,13,12,1.9993
1658,50,1,3,TRUE (Compliant),13,12,13,12,1.999
1659,50,1,3,TRUE (Compliant),13,12,13,12,1.9989
1660,50,1,4,TRUE (Compliant),13,12,13,12,1.9983
1661,50,1,5,TRUE (Compliant),13,12,13,12,1.9988
1662,50,1,4,TRUE (Compliant),13,12,13,12,1.999
1663,50,1,3,TRUE (Compliant),13,12,13,12,1.9985
1664,50,1,7,TRUE (Compliant),13,12,13,12,1.9988
1665,50,2,2,TRUE (Compliant),13,12,13,12,1.9991
1666,50,1,2,TRUE (Compliant),13,12,13,12,1.999
1667,50,1,4,TRUE (Compliant),13,12,13,12,1.9983
1668,50,1,2,TRUE (Compliant),13,12,13,12,1.9992
1669,50,1,2,TRUE (Compliant),13,12,13,12,1.9985
1670,50,2,3,TRUE (Compliant),13,12,13,12,1.9988
1671,50,1,6,TRUE (Compliant),13,12,13,12,1.9983
1672,50,2,7,TRUE (Compliant),13,12,13,12,1.9991
1673,50,2,4,TRUE (Compliant),13,12,13,12,1.9984
1674,50,1,2,TRUE (Compliant),13,12,13,12,1.9989
1675,50,1,5,TRUE (Compliant),13,12,13,12,1.999
1676,50,1,4,TRUE (Compliant),13,12,13,12,1.9989
1677,50,1,4,TRUE (Compliant),13,12,13,12,1.9992
1678,50,1,4,TRUE (Compliant),13,12,13,12,1.9986
1679,50,1,2,TRUE (Compliant),13,12,13,12,1.999
1680,50,1,6,TRUE (Compliant),13,12,13,12,1.9996
1681,50,1,4,TRUE (Compliant),13,12,13,12,1.9989
1682,50,1,5,TRUE (Compliant),13,12,13,12,1.9986
1683,50,1,2,TRUE (Compliant),13,12,13,12,1.9991
1684,50,1,3,TRUE (Compliant),13,12,13,12,1.9988
1685,50,1,4,TRUE (Compliant),13,12,13,12,1.998
1686,50,1,4,TRUE (Compliant),13,12,13,12,1.999
1687,50,2,7,TRUE (Compliant),13,12,13,12,1.9996
1688,50,1,2,TRUE (Compliant),13,12,13,12,1.9986
1689,50,2,4,TRUE (Compliant),13,12,13,12,1.9986
1690,50,1,2,TRUE (Compliant),13,12,13,12,1.9992
1691,50,2,3,TRUE (Compliant),13,12,13,12,1.9991
1692,50,1,7,TRUE (Compliant),13,12,13,12,1.9989
1693,50,1,1,TRUE (Compliant),13,12,13,12,1.9987
1694,50,1,2,TRUE (Compliant),13,12,13,12,1.9996
1695,50,1,4,TRUE (Compliant),13,12,13,12,1.999
1696,50,1,3,TRUE (Compliant),13,12,13,12,1.999
1697,50,1,2,TRUE (Compliant),13,12,13,12,1.9992
1698,50,1,2,TRUE (Compliant),13,12,13,12,1.9986
1699,50,2,4,TRUE (Compliant),13,12,13,12,1.9986
1700,50,1,3,TRUE (Compliant),13,12,13,12,1.9992
1701,50,1,6,TRUE (Compliant),13,12,13,12,1.999
1702,50,2,2,TRUE (Compliant),13,12,13,12,1.9981
1703,50,1,6,TRUE (Compliant),13,12,13,12,1.9989
1704,50,2,5,TRUE (Compliant),13,12,13,12,1.9991
1705,50,1,3,TRUE (Compliant),13,12,13,12,1.9983
1706,50,1,4,TRUE (Compliant),13,12,13,12,1.998
1707,50,1,6,TRUE (Compliant),13,12,13,12,1.9989
1708,50,1,5,TRUE (Compliant),13,12,13,12,1.9991
1709,50,1,5,TRUE (Compliant),13,12,13,12,1.9982
1710,50,1,1,TRUE (Compliant),13,12,13,12,1.9988
1711,50,1,1,TRUE (Compliant),13,12,13,12,1.9992
1712,50,1,3,TRUE (Compliant),13,12,13,12,1.9988
1713,50,1,7,TRUE (Compliant),13,12,13,12,1.9996
1714,50,1,7,TRUE (Compliant),13,12,13,12,1.9994
1715,50,1,3,TRUE (Compliant),13,12,13,12,1.9997
1716,50,1,2,TRUE (Compliant),13,12,13,12,1.9979
1717,50,1,4,TRUE (Compliant),13,12,13,12,1.9986
1718,50,1,2,TRUE (Compliant),13,12,13,12,1.9986
1719,50,1,4,TRUE (Compliant),13,12,13,12,1.9987
1720,50,1,6,TRUE (Compliant),13,12,13,12,1.9986
1721,50,1,2,TRUE (Compliant),13,12,13,12,1.9987
1722,50,2,2,TRUE (Compliant),13,12,13,12,1.999
1723,50,2,1,TRUE (Compliant),13,12,13,12,1.9988
1724,50,2,1,TRUE (Compliant),13,12,13,12,1.998
1725,50,1,4,TRUE (Compliant),13,12,13,12,1.9987
1726,50,1,7,TRUE (Compliant),13,12,13,12,1.9991
1727,50,2,4,TRUE (Compliant),13,12,13,12,1.9997
1728,50,1,4,TRUE (Compliant),13,12,13,12,1.9986
1729,50,1,3,TRUE (Compliant),13,12,13,12,1.9989
1730,50,1,4,TRUE (Compliant),13,12,13,12,1.9983
1731,50,2,7,TRUE (Compliant),13,12,13,12,1.9986
1732,50,1,2,TRUE (Compliant),13,12,13,12,1.9989
1733,50,1,7,TRUE (Compliant),13,12,13,12,1.9989
1734,50,1,4,TRUE (Compliant),13,12,13,12,1.9987
1735,50,1,5,TRUE (Compliant),13,12,13,12,1.9985
1736,50,2,7,TRUE (Compliant),13,12,13,12,1.9989
1737,50,2,3,TRUE (Compliant),13,12,13,12,1.9991
1738,50,1,4,TRUE (Compliant),13,12,13,12,1.9984
1739,50,1,3,TRUE (Compliant),13,12,13,12,1.999
1740,50,1,3,TRUE (Compliant),13,12,13,12,1.9994
1741,50,2,4,TRUE (Compliant),13,12,13,12,1.9987
1742,50,2,4,TRUE (Compliant),13,12,13,12,1.9985
1743,50,2,2,TRUE (Compliant),13,12,13,12,1.9998
1744,50,1,2,TRUE (Compliant),13,12,13,12,1.9985
1745,50,1,6,TRUE (Compliant),13,12,13,12,1.9987
1746,50,2,2,TRUE (Compliant),13,12,13,12,1.9988
1747,50,1,3,TRUE (Compliant),13,12,13,12,1.9986
1748,50,1,4,TRUE (Compliant),13,12,13,12,1.9988
1749,50,2,4,TRUE (Compliant),13,12,13,12,1.9986
1750,50,1,6,TRUE (Compliant),13,12,13,12,1.9989
1751,50,1,1,TRUE (Compliant),13,12,13,12,1.9986
1752,50,2,4,TRUE (Compliant),13,12,13,12,1.9997
1753,50,1,2,TRUE (Compliant),13,12,13,12,1.9987
1754,50,2,4,TRUE (Compliant),13,12,13,12,1.9988
1755,50,2,2,TRUE (Compliant),13,12,13,12,1.9993
1756,50,1,4,TRUE (Compliant),13,12,13,12,1.9987
1757,50,1,1,TRUE (Compliant),13,12,13,12,1.9988
1758,50,1,4,TRUE (Compliant),13,12,13,12,1.9982
1759,50,1,7,TRUE (Compliant),13,12,13,12,1.999
1760,50,1,4,TRUE (Compliant),13,12,13,12,1.999
1761,50,2,1,TRUE (Compliant),13,12,13,12,1.9991
1762,50,1,2,TRUE (Compliant),13,12,13,12,1.9986
1763,50,1,2,TRUE (Compliant),13,12,13,12,1.9983
1764,50,1,4,TRUE (Compliant),13,12,13,12,1.999
1765,50,2,3,TRUE (Compliant),13,12,13,12,1.9987
1766,50,1,1,TRUE (Compliant),13,12,13,12,1.9986
1767,50,2,3,TRUE (Compliant),13,12,13,12,1.9984
1768,50,1,4,TRUE (Compliant),13,12,13,12,1.9985
1769,50,1,5,TRUE (Compliant),13,12,13,12,1.9987
1770,50,2,6,TRUE (Compliant),13,12,13,12,1.999
1771,50,2,2,TRUE (Compliant),13,12,13,12,1.9989
1772,50,1,4,TRUE (Compliant),13,12,13,12,1.9983
1773,50,1,7,TRUE (Compliant),13,12,13,12,1.9996
1774,50,1,6,TRUE (Compliant),13,12,13,12,1.9985
1775,50,1,5,TRUE (Compliant),13,12,13,12,1.9986
1776,50,1,2,TRUE (Compliant),13,12,13,12,1.998
1777,50,2,2,TRUE (Compliant),13,12,13,12,1.9981
1778,50,1,2,TRUE (Compliant),13,12,13,12,1.9986
1779,50,2,5,TRUE (Compliant),13,12,13,12,1.9986
1780,50,1,3,TRUE (Compliant),13,12,13,12,1.9991
1781,50,2,1,TRUE (Compliant),13,12,13,12,1.9986
1782,50,1,3,TRUE (Compliant),13,12,13,12,1.9985
1783,50,1,1,TRUE (Compliant),13,12,13,12,1.9987
1784,50,1,3,TRUE (Compliant),13,12,13,12,1.999
1785,50,2,3,TRUE (Compliant),13,12,13,12,1.9989
1786,50,1,3,TRUE (Compliant),13,12,13,12,1.9982
1787,50,1,4,TRUE (Compliant),13,12,13,12,1.9987
1788,50,1,3,TRUE (Compliant),13,12,13,12,1.999
1789,50,1,2,TRUE (Compliant),13,12,13,12,1.9988
1790,50,1,4,TRUE (Compliant),13,12,13,12,1.9981
1791,50,1,1,TRUE (Compliant),13,12,13,12,1.9993
1792,50,2,4,TRUE (Compliant),13,12,13,12,1.9986
1793,50,1,7,TRUE (Compliant),13,12,13,12,1.9996
1794,50,1,2,TRUE (Compliant),13,12,13,12,1.9993
1795,50,2,4,TRUE (Compliant),13,12,13,12,1.9989
1796,50,1,3,TRUE (Compliant),13,12,13,12,1.9986
1797,50,1,4,TRUE (Compliant),13,12,13,12,1.9981
1798,50,1,2,TRUE (Compliant),13,12,13,12,1.9993
1799,50,1,3,TRUE (Compliant),13,12,13,12,1.9991
1800,50,1,2,TRUE (Compliant),13,12,13,12,1.9979
1801,50,2,4,TRUE (Compliant),13,12,13,12,1.9994
1802,50,1,3,TRUE (Compliant),13,12,13,12,1.9984
1803,50,1,4,TRUE (Compliant),13,12,13,12,1.9985
1804,50,2,6,TRUE (Compliant),13,12,13,12,1.9987
1805,50,1,4,TRUE (Compliant),13,12,13,12,1.9985
1806,50,1,7,TRUE (Compliant),13,12,13,12,1.9988
1807,50,1,3,TRUE (Compliant),13,12,13,12,1.9992
1808,50,2,2,TRUE (Compliant),13,12,13,12,1.9985
1809,50,1,4,TRUE (Compliant),13,12,13,12,1.9989
1810,50,1,4,TRUE (Compliant),13,12,13,12,1.9989
1811,50,2,1,TRUE (Compliant),13,12,13,12,1.9993
1812,50,2,4,TRUE (Compliant),13,12,13,12,1.9988
1813,50,1,7,TRUE (Compliant),13,12,13,12,1.9995
1814,50,1,2,TRUE (Compliant),13,12,13,12,1.9991
1815,50,1,2,TRUE (Compliant),13,12,13,12,1.9985
1816,50,1,3,TRUE (Compliant),13,12,13,12,1.9988
1817,50,1,3,TRUE (Compliant),13,12,13,12,1.9989
1818,50,2,4,TRUE (Compliant),13,12,13,12,1.9991
1819,50,1,4,TRUE (Compliant),13,12,13,12,1.9989
1820,50,2,6,TRUE (Compliant),13,12,13,12,1.9983
1821,50,1,4,TRUE (Compliant),13,12,13,12,1.999
1822,50,1,5,TRUE (Compliant),13,12,13,12,1.9994
1823,50,2,5,TRUE (Compliant),13,12,13,12,1.999
1824,50,1,3,TRUE (Compliant),13,12,13,12,1.999
1825,50,1,3,TRUE (Compliant),13,12,13,12,1.9988
1826,50,2,2,TRUE (Compliant),13,12,13,12,1.9987
1827,50,1,1,TRUE (Compliant),13,12,13,12,1.9991
1828,50,2,7,TRUE (Compliant),13,12,13,12,1.9986
1829,50,1,1,TRUE (Compliant),13,12,13,12,1.9992
1830,50,2,2,TRUE (Compliant),13,12,13,12,1.9982
1831,50,1,4,TRUE (Compliant),13,12,13,12,1.9988
1832,50,2,1,TRUE (Compliant),13,12,13,12,1.9986
1833,50,2,2,TRUE (Compliant),13,12,13,12,1.9982
1834,50,1,4,TRUE (Compliant),13,12,13,12,1.9987
1835,50,2,3,TRUE (Compliant),13,12,13,12,1.9983
1836,50,1,2,TRUE (Compliant),13,12,13,12,1.9992
1837,50,2,3,TRUE (Compliant),13,12,13,12,1.9981
1838,50,1,2,TRUE (Compliant),13,12,13,12,1.9986
1839,50,1,1,TRUE (Compliant),13,12,13,12,1.9993
1840,50,2,2,TRUE (Compliant),13,12,13,12,1.999
1841,50,2,2,TRUE (Compliant),13,12,13,12,1.9984
1842,50,2,5,TRUE (Compliant),13,12,13,12,1.9986
1843,50,2,1,TRUE (Compliant),13,12,13,12,1.9985
1844,50,1,7,TRUE (Compliant),13,12,13,12,1.999
1845,50,1,4,TRUE (Compliant),13,12,13,12,1.998
1846,50,1,2,TRUE (Compliant),13,12,13,12,1.9987
1847,50,2,2,TRUE (Compliant),13,12,13,12,1.9989
1848,50,2,3,TRUE (Compliant),13,12,13,12,1.9983
1849,50,1,3,TRUE (Compliant),13,12,13,12,1.9987
1850,50,1,5,TRUE (Compliant),13,12,13,12,1.9993
1851,50,1,6,TRUE (Compliant),13,12,13,12,1.9987
1852,50,1,4,TRUE (Compliant),13,12,13,12,1.9985
1853,50,2,6,TRUE (Compliant),13,12,13,12,1.9996
1854,50,1,2,TRUE (Compliant),13,12,13,12,1.9983
1855,50,1,2,TRUE (Compliant),13,12,13,12,1.9989
1856,50,2,6,TRUE (Compliant),13,12,13,12,1.9993
1857,50,2,3,TRUE (Compliant),13,12,13,12,1.9992
1858,50,2,1,TRUE (Compliant),13,12,13,12,1.9985
1859,50,1,6,TRUE (Compliant),13,12,13,12,1.9987
1860,50,2,3,TRUE (Compliant),13,12,13,12,1.9985
1861,50,2,4,TRUE (Compliant),13,12,13,12,1.9986
1862,50,2,4,TRUE (Compliant),13,12,13,12,1.9993
1863,50,2,3,TRUE (Compliant),13,12,13,12,1.9995
1864,50,1,5,TRUE (Compliant),13,12,13,12,1.9996
1865,50,2,7,TRUE (Compliant),13,12,13,12,1.9986
1866,50,2,2,TRUE (Compliant),13,12,13,12,1.9987
1867,50,2,3,TRUE (Compliant),13,12,13,12,1.9986
1868,50,1,1,TRUE (Compliant),13,12,13,12,1.9994
1869,50,1,2,TRUE (Compliant),13,12,13,12,1.9988
1870,50,2,1,TRUE (Compliant),13,12,13,12,1.9991
1871,50,1,3,TRUE (Compliant),13,12,13,12,1.9981
1872,50,1,2,TRUE (Compliant),13,12,13,12,1.9989
1873,50,1,3,TRUE (Compliant),13,12,13,12,1.9994
1874,50,1,2,TRUE (Compliant),13,12,13,12,1.9984
1875,50,1,3,TRUE (Compliant),13,12,13,12,1.9982
1876,50,1,1,TRUE (Compliant),13,12,13,12,1.9986
1877,50,1,7,TRUE (Compliant),13,12,13,12,1.9991
1878,50,1,1,TRUE (Compliant),13,12,13,12,1.999
1879,50,2,2,TRUE (Compliant),13,12,13,12,1.9982
1880,50,1,6,TRUE (Compliant),13,12,13,12,1.9989
1881,50,2,6,TRUE (Compliant),13,12,13,12,1.9987
1882,50,2,4,TRUE (Compliant),13,12,13,12,1.9983
1883,50,1,3,TRUE (Compliant),13,12,13,12,1.9989
1884,50,1,2,TRUE (Compliant),13,12,13,12,1.9997
1885,50,2,6,TRUE (Compliant),13,12,13,12,1.9992
1886,50,1,7,TRUE (Compliant),13,12,13,12,1.9981
1887,50,1,4,TRUE (Compliant),13,12,13,12,1.9988
1888,50,1,5,TRUE (Compliant),13,12,13,12,1.9994
1889,50,2,3,TRUE (Compliant),13,12,13,12,1.9991
1890,50,1,4,TRUE (Compliant),13,12,13,12,1.9984
1891,50,1,3,TRUE (Compliant),13,12,13,12,1.9986
1892,50,2,2,TRUE (Compliant),13,12,13,12,1.9995
1893,50,1,7,TRUE (Compliant),13,12,13,12,1.9986
1894,50,1,7,TRUE (Compliant),13,12,13,12,1.9994
1895,50,1,7,TRUE (Compliant),13,12,13,12,1.9982
1896,50,2,4,TRUE (Compliant),13,12,13,12,1.9981
1897,50,1,2,TRUE (Compliant),13,12,13,12,1.9989
1898,50,2,3,TRUE (Compliant),13,12,13,12,1.9987
1899,50,2,6,TRUE (Compliant),13,12,13,12,1.9989
1900,50,2,3,TRUE (Compliant),13,12,13,12,1.999
1901,50,1,3,TRUE (Compliant),13,12,13,12,1.999
1902,50,1,3,TRUE (Compliant),13,12,13,12,1.9989
1903,50,1,4,TRUE (Compliant),13,12,13,12,1.999
1904,50,1,7,TRUE (Compliant),13,12,13,12,1.9992
1905,50,1,2,TRUE (Compliant),13,12,13,12,1.9981
1906,50,1,4,TRUE (Compliant),13,12,13,12,1.9982
1907,50,1,3,TRUE (Compliant),13,12,13,12,1.9991
1908,50,2,5,TRUE (Compliant),13,12,13,12,1.9992
1909,50,1,2,TRUE (Compliant),13,12,13,12,1.9992
1910,50,2,4,TRUE (Compliant),13,12,13,12,1.9982
1911,50,1,4,TRUE (Compliant),13,12,13,12,1.9987
1912,50,1,4,TRUE (Compliant),13,12,13,12,1.9988
1913,50,2,5,TRUE (Compliant),13,12,13,12,1.9993
1914,50,2,6,TRUE (Compliant),13,12,13,12,1.9991
1915,50,2,4,TRUE (Compliant),13,12,13,12,1.9982
1916,50,1,2,TRUE (Compliant),13,12,13,12,1.9989
1917,50,2,5,TRUE (Compliant),13,12,13,12,1.9985
1918,50,1,3,TRUE (Compliant),13,12,13,12,1.9988
1919,50,1,5,TRUE (Compliant),13,12,13,12,1.999
1920,50,2,3,TRUE (Compliant),13,12,13,12,1.9987
1921,50,1,1,TRUE (Compliant),13,12,13,12,1.9987
1922,50,2,2,TRUE (Compliant),13,12,13,12,1.9992
1923,50,1,1,TRUE (Compliant),13,12,13,12,1.9979
1924,50,1,3,TRUE (Compliant),13,12,13,12,1.9992
1925,50,2,3,TRUE (Compliant),13,12,13,12,1.9985
1926,50,1,7,TRUE (Compliant),13,12,13,12,1.9996
1927,50,1,4,TRUE (Compliant),13,12,13,12,1.9984
1928,50,1,2,TRUE (Compliant),13,12,13,12,1.9981
1929,50,1,3,TRUE (Compliant),13,12,13,12,1.9984
1930,50,1,4,TRUE (Compliant),13,12,13,12,1.9987
1931,50,1,2,TRUE (Compliant),13,12,13,12,1.9982
1932,50,1,2,TRUE (Compliant),13,12,13,12,1.9986
1933,50,1,2,TRUE (Compliant),13,12,13,12,1.9988
1934,50,1,3,TRUE (Compliant),13,12,13,12,1.9984
1935,50,2,3,TRUE (Compliant),13,12,13,12,1.9989
1936,50,1,1,TRUE (Compliant),13,12,13,12,1.9986
1937,50,2,2,TRUE (Compliant),13,12,13,12,1.9982
1938,50,1,2,TRUE (Compliant),13,12,13,12,1.9985
1939,50,1,2,TRUE (Compliant),13,12,13,12,1.9992
1940,50,2,3,TRUE (Compliant),13,12,13,12,1.9991
1941,50,2,6,TRUE (Compliant),13,12,13,12,1.9987
1942,50,1,2,TRUE (Compliant),13,12,13,12,1.9982
1943,50,1,2,TRUE (Compliant),13,12,13,12,1.9987
1944,50,1,7,TRUE (Compliant),13,12,13,12,1.9992
1945,50,2,4,TRUE (Compliant),13,12,13,12,1.9986
1946,50,1,4,TRUE (Compliant),13,12,13,12,1.9985
1947,50,2,2,TRUE (Compliant),13,12,13,12,1.9986
1948,50,2,2,TRUE (Compliant),13,12,13,12,1.9983
1949,50,1,2,TRUE (Compliant),13,12,13,12,1.9986
1950,50,1,4,TRUE (Compliant),13,12,13,12,1.9987
1951,50,1,3,TRUE (Compliant),13,12,13,12,1.9995
1952,50,1,2,TRUE (Compliant),13,12,13,12,1.999
1953,50,1,7,TRUE (Compliant),13,12,13,12,1.9992
1954,50,1,3,TRUE (Compliant),13,12,13,12,1.9981
1955,50,2,2,TRUE (Compliant),13,12,13,12,1.9988
1956,50,1,2,TRUE (Compliant),13,12,13,12,1.999
1957,50,1,7,TRUE (Compliant),13,12,13,12,1.9991
1958,50,1,2,TRUE (Compliant),13,12,13,12,1.999
1959,50,2,2,TRUE (Compliant),13,12,13,12,1.9991
1960,50,1,4,TRUE (Compliant),13,12,13,12,1.9987
1961,50,1,3,TRUE (Compliant),13,12,13,12,1.999
1962,50,2,2,TRUE (Compliant),13,12,13,12,1.9989
1963,50,2,3,TRUE (Compliant),13,12,13,12,1.9989
1964,50,1,4,TRUE (Compliant),13,12,13,12,1.9989
1965,50,1,2,TRUE (Compliant),13,12,13,12,1.9985
1966,50,1,4,TRUE (Compliant),13,12,13,12,1.9985
1967,50,2,4,TRUE (Compliant),13,12,13,12,1.9988
1968,50,1,2,TRUE (Compliant),13,12,13,12,1.999
1969,50,1,6,TRUE (Compliant),13,12,13,12,1.9982
1970,50,2,7,TRUE (Compliant),13,12,13,12,1.9995
1971,50,1,3,TRUE (Compliant),13,12,13,12,1.9986
1972,50,1,5,TRUE (Compliant),13,12,13,12,1.9991
1973,50,1,7,TRUE (Compliant),13,12,13,12,1.9983
1974,50,1,1,TRUE (Compliant),13,12,13,12,1.9989
1975,50,1,6,TRUE (Compliant),13,12,13,12,1.9982
1976,50,2,4,TRUE (Compliant),13,12,13,12,1.9992
1977,50,1,4,TRUE (Compliant),13,12,13,12,1.9979
1978,50,1,2,TRUE (Compliant),13,12,13,12,1.999
1979,50,1,4,TRUE (Compliant),13,12,13,12,1.9984
1980,50,1,3,TRUE (Compliant),13,12,13,12,1.9985
1981,50,2,4,TRUE (Compliant),13,12,13,12,1.9987
1982,50,1,1,TRUE (Compliant),13,12,13,12,1.9985
1983,50,1,3,TRUE (Compliant),13,12,13,12,1.9987
1984,50,1,4,TRUE (Compliant),13,12,13,12,1.9988
1985,50,2,1,TRUE (Compliant),13,12,13,12,1.9994
1986,50,1,7,TRUE (Compliant),13,12,13,12,1.9986
1987,50,1,3,TRUE (Compliant),13,12,13,12,1.999
1988,50,2,3,TRUE (Compliant),13,12,13,12,1.9979
1989,50,1,6,TRUE (Compliant),13,12,13,12,1.9987
1990,50,1,4,TRUE (Compliant),13,12,13,12,1.9989
1991,50,1,3,TRUE (Compliant),13,12,13,12,1.9995
1992,50,1,2,TRUE (Compliant),13,12,13,12,1.9987
1993,50,1,2,TRUE (Compliant),13,12,13,12,1.9995
1994,50,1,4,TRUE (Compliant),13,12,13,12,1.9989
1995,50,1,2,TRUE (Compliant),13,12,13,12,1.9985
1996,50,1,2,TRUE (Compliant),13,12,13,12,1.9983
1997,50,2,4,TRUE (Compliant),13,12,13,12,1.9985
1998,50,1,1,TRUE (Compliant),13,12,13,12,1.999
1999,50,1,5,TRUE (Compliant),13,12,13,12,1.999
2000,50,2,3,TRUE (Compliant),13,12,13,12,1.9991
