Sample_Time_Minute,Active_Game_Phase,Render_Frame_Rate_FPS,Frame_Render_Time_ms,Frame_Budget_Limit_ms,FPS_Stability_Within_Budget,JS_Heap_Memory_Footprint_MB,DOM_Tree_Nodes_Count,Web_Audio_Oscillator_Nodes,Dropped_Frames_Count
0.5,Gameplay Animation (Canvas + Web Audio),60.1,7.58,16.67,PASSED (100%),19.4,412,4,0
1.0,Gameplay Animation (Canvas + Web Audio),60.1,7.03,16.67,PASSED (100%),22.7,412,4,0
1.5,Gameplay Animation (Canvas + Web Audio),59.7,9.54,16.67,PASSED (100%),24.7,412,4,0
2.0,Gameplay Animation (Canvas + Web Audio),59.9,7.84,16.67,PASSED (100%),28.1,412,4,0
2.5,Gameplay Animation (Canvas + Web Audio),60.0,6.58,16.67,PASSED (100%),28.5,412,4,0
3.0,Gameplay Animation (Canvas + Web Audio),60.4,9.12,16.67,PASSED (100%),29.5,412,4,0
3.5,Gameplay Animation (Canvas + Web Audio),60.3,5.4,16.67,PASSED (100%),32.5,412,4,0
4.0,Gameplay Animation (Canvas + Web Audio),60.0,5.4,16.67,PASSED (100%),19.1,412,4,0
4.5,Gameplay Animation (Canvas + Web Audio),60.0,9.71,16.67,PASSED (100%),22.8,412,4,0
5.0,Gameplay Animation (Canvas + Web Audio),59.6,7.01,16.67,PASSED (100%),24.3,412,4,0
5.5,Gameplay Animation (Canvas + Web Audio),60.0,7.14,16.67,PASSED (100%),27.6,412,4,0
6.0,Gameplay Animation (Canvas + Web Audio),59.9,8.9,16.67,PASSED (100%),29.5,412,4,0
6.5,Gameplay Animation (Canvas + Web Audio),60.0,8.05,16.67,PASSED (100%),29.8,412,4,0
7.0,Gameplay Animation (Canvas + Web Audio),60.2,6.83,16.67,PASSED (100%),31.4,412,4,0
7.5,Gameplay Animation (Canvas + Web Audio),60.0,7.7,16.67,PASSED (100%),35.9,412,4,0
8.0,Gameplay Animation (Canvas + Web Audio),59.8,5.83,16.67,PASSED (100%),22.0,412,4,0
8.5,Gameplay Animation (Canvas + Web Audio),59.6,6.13,16.67,PASSED (100%),24.9,412,4,0
9.0,Gameplay Animation (Canvas + Web Audio),59.8,6.53,16.67,PASSED (100%),27.5,412,4,0
9.5,Gameplay Animation (Canvas + Web Audio),59.8,6.07,16.67,PASSED (100%),28.2,412,4,0
10.0,Gameplay Animation (Canvas + Web Audio),60.0,8.48,16.67,PASSED (100%),30.8,412,4,0
10.5,Gameplay Animation (Canvas + Web Audio),59.8,7.93,16.67,PASSED (100%),31.0,412,4,0
11.0,Gameplay Animation (Canvas + Web Audio),60.1,7.98,16.67,PASSED (100%),35.2,412,4,0
11.5,Gameplay Animation (Canvas + Web Audio),59.7,6.96,16.67,PASSED (100%),37.3,412,4,0
12.0,Gameplay Animation (Canvas + Web Audio),60.5,8.16,16.67,PASSED (100%),24.8,412,4,0
12.5,Gameplay Animation (Canvas + Web Audio),59.6,7.49,16.67,PASSED (100%),26.2,412,4,0
13.0,Gameplay Animation (Canvas + Web Audio),60.1,8.13,16.67,PASSED (100%),28.9,412,4,0
13.5,Gameplay Animation (Canvas + Web Audio),60.2,7.54,16.67,PASSED (100%),29.9,412,4,0
14.0,Gameplay Animation (Canvas + Web Audio),60.5,6.13,16.67,PASSED (100%),33.7,412,4,0
14.5,Gameplay Animation (Canvas + Web Audio),59.7,7.8,16.67,PASSED (100%),35.7,412,4,0
15.0,Gameplay Animation (Canvas + Web Audio),59.7,7.25,16.67,PASSED (100%),37.8,412,4,0
15.5,Gameplay Animation (Canvas + Web Audio),60.3,6.21,16.67,PASSED (100%),37.8,412,4,0
16.0,Gameplay Animation (Canvas + Web Audio),59.6,7.87,16.67,PASSED (100%),26.6,412,4,0
16.5,Gameplay Animation (Canvas + Web Audio),60.0,6.52,16.67,PASSED (100%),28.4,412,4,0
17.0,Gameplay Animation (Canvas + Web Audio),60.5,6.11,16.67,PASSED (100%),31.5,412,4,0
17.5,Gameplay Animation (Canvas + Web Audio),59.7,9.26,16.67,PASSED (100%),34.0,412,4,0
18.0,Gameplay Animation (Canvas + Web Audio),59.7,7.21,16.67,PASSED (100%),33.4,412,4,0
18.5,Gameplay Animation (Canvas + Web Audio),60.5,6.57,16.67,PASSED (100%),38.1,412,4,0
19.0,Gameplay Animation (Canvas + Web Audio),60.0,7.58,16.67,PASSED (100%),38.4,412,4,0
19.5,Gameplay Animation (Canvas + Web Audio),60.4,5.78,16.67,PASSED (100%),38.4,412,4,0
20.0,Gameplay Animation (Canvas + Web Audio),60.0,7.12,16.67,PASSED (100%),27.9,412,4,0
20.5,Gameplay Animation (Canvas + Web Audio),60.4,6.84,16.67,PASSED (100%),32.5,412,4,0
21.0,Gameplay Animation (Canvas + Web Audio),60.1,7.67,16.67,PASSED (100%),32.8,412,4,0
21.5,Gameplay Animation (Canvas + Web Audio),60.1,5.4,16.67,PASSED (100%),34.9,412,4,0
22.0,Gameplay Animation (Canvas + Web Audio),60.3,7.89,16.67,PASSED (100%),35.9,412,4,0
22.5,Gameplay Animation (Canvas + Web Audio),60.2,6.69,16.67,PASSED (100%),37.6,412,4,0
23.0,Gameplay Animation (Canvas + Web Audio),59.4,6.92,16.67,PASSED (100%),38.4,412,4,0
23.5,Gameplay Animation (Canvas + Web Audio),59.6,5.94,16.67,PASSED (100%),38.4,412,4,0
24.0,Gameplay Animation (Canvas + Web Audio),59.5,7.59,16.67,PASSED (100%),32.4,412,4,0
24.5,Gameplay Animation (Canvas + Web Audio),60.3,6.08,16.67,PASSED (100%),33.2,412,4,0
25.0,Gameplay Animation (Canvas + Web Audio),60.1,5.4,16.67,PASSED (100%),34.3,412,4,0
25.5,Gameplay Animation (Canvas + Web Audio),60.1,5.4,16.67,PASSED (100%),37.4,412,4,0
26.0,Gameplay Animation (Canvas + Web Audio),60.1,7.22,16.67,PASSED (100%),38.4,412,4,0
26.5,Gameplay Animation (Canvas + Web Audio),60.2,8.11,16.67,PASSED (100%),38.4,412,4,0
27.0,Gameplay Animation (Canvas + Web Audio),59.8,9.43,16.67,PASSED (100%),38.4,412,4,0
27.5,Gameplay Animation (Canvas + Web Audio),60.4,5.4,16.67,PASSED (100%),38.4,412,4,0
28.0,Gameplay Animation (Canvas + Web Audio),60.0,5.98,16.67,PASSED (100%),32.6,412,4,0
28.5,Gameplay Animation (Canvas + Web Audio),60.4,8.12,16.67,PASSED (100%),34.9,412,4,0
29.0,Gameplay Animation (Canvas + Web Audio),60.2,6.94,16.67,PASSED (100%),36.4,412,4,0
29.5,Gameplay Animation (Canvas + Web Audio),59.8,7.87,16.67,PASSED (100%),38.4,412,4,0
30.0,Gameplay Animation (Canvas + Web Audio),59.3,5.4,16.67,PASSED (100%),38.4,412,4,0
